,layer_name,column_name,column_name_normalized,column_data_type,column_name_description,comments
0,admin_boundary,ASSET_2001,asset_2001,,household assets 2001,
1,admin_boundary,TOT_M,tot_m,,total male population,
2,admin_boundary,dist_cen,dist_cen,,district census code,
3,admin_boundary,TOT_F,tot_f,,total female population,
4,admin_boundary,ADI_2019,adi_2019,,Aggregate Development Index (2019),
5,admin_boundary,F_SC,f_sc,,SC female population,
6,admin_boundary,P_ILL,p_ill,,total illiterate population,
7,admin_boundary,MSW_2011,msw_2011,,Percentage of households in a village with different levels of Main Source of Water 2011,
8,admin_boundary,TOT_P,tot_p,,total population,
9,admin_boundary,ADI_2011,adi_2011,,Aggregate Development Index (2011),
10,admin_boundary,MSW_2019,msw_2019,,Percentage of households in a village with different levels of Main Source of Water 2019,
11,admin_boundary,P_ST,p_st,,total ST population,
12,admin_boundary,F_ILL,f_ill,,illiterate female population,
13,admin_boundary,vill_name,vill_name,,village name,
14,admin_boundary,vill_ID,vill_id,,village ID,
15,admin_boundary,BF_2011,bf_2011,,Percentage of households in a village with different levels of Bathroom Facility 2011,
16,admin_boundary,FC_2001,fc_2001,,Percentage of households in a village with different levels of Fuel of Cooking 2001,
17,admin_boundary,F_ST,f_st,,ST female population,
18,admin_boundary,P_LIT,p_lit,,total literate population,
19,admin_boundary,state,state,,state name,
20,admin_boundary,block_cen,block_cen,,subdistrict census code,
21,admin_boundary,ADI_2001,adi_2001,,Aggregate Development Index (2001),
22,admin_boundary,BF_2019,bf_2019,,Percentage of households in a village with different levels of Bathroom Facility 2019,
23,admin_boundary,No_HH,no_hh,,number of households,
24,admin_boundary,ASSET_2011,asset_2011,,Percentage of household in a village with different levels of assets 2011,
25,admin_boundary,M_SC,m_sc,,SC male population,
26,admin_boundary,MSW_2001,msw_2001,,Percentage of households in a village with different levels of Main Source of Water 2001,
27,admin_boundary,M_LIT,m_lit,,literate male population,
28,admin_boundary,tehsil,tehsil,,tehsil name,
29,admin_boundary,state_cen,state_cen,,state census code,
30,admin_boundary,FC_2019,fc_2019,,Percentage of households in a village with different levels of Fuel of Cooking 2019,
31,admin_boundary,M_ST,m_st,,ST male population,
32,admin_boundary,district,district,,district name,
33,admin_boundary,F_LIT,f_lit,,literate female population,
34,admin_boundary,BF_2001,bf_2001,,Percentage of households in a village with different levels of Bathroom Facility 2001,
35,admin_boundary,P_SC,p_sc,,total SC population,
36,admin_boundary,ASSET_2019,asset_2019,,household assets 2019,
37,admin_boundary,FC_2011,fc_2011,,Percentage of households in a village with different levels of Fuel of Cooking 2011,
38,admin_boundary,M_ILL,m_ill,,illiterate male population,
39,admin_boundary,system:index,system:index,,,
40,aquifer_vector,weighted_contribution,weighted_contribution,,final contributions of each factor after mutiplying by its y_value,
41,aquifer_vector,aquifer_count,aquifer_count,,Count of unique aquifers,
42,aquifer_vector,m2_perday,m2_perday,,transmissivity (in m2/day),
43,aquifer_vector,%_area_aquifer,%_area_aquifer,,area of aquifer in percentage,
44,aquifer_vector,mbgl,mbgl,,Fractures encountered (in m bgl),
45,aquifer_vector,newcode14,newcode14,,principal aquifer alphabet code,
46,aquifer_vector,yeild__,yield,,specific yield (in %),
47,aquifer_vector,uid,uid,,unique identifier,
48,aquifer_vector,Recommende,recommende,,recommended groundwater management interventions,
49,aquifer_vector,area_in_ha,area_in_ha,,area in hectares,
50,aquifer_vector,id,id,,id,
51,aquifer_vector,state,state,,state name ,
52,aquifer_vector,m3_per_day,m3_per_day,,Yield (in m3/day),
53,aquifer_vector,Age,age,,age of lithology,
54,aquifer_vector,Major_Aq_1,major_aq_1,,major aquifer 1,
55,aquifer_vector,aquifer_class,aquifer_class,,aquifer class ,
56,aquifer_vector,area_re,area_re,,area in km2,
57,aquifer_vector,test,test,,codes identifying aquifer/lithology test units,
58,aquifer_vector,zone_m,zone_m,,thickness of weathered zone (in m),
59,aquifer_vector,avg_mbgl,avg_mbgl,,decadal average depth (in meters below ground level),
60,aquifer_vector,pa_order,pa_order,,principal aquifer numeric code,
61,aquifer_vector,per_cm,per_cm,,Quality (EC in Micromhos/cm),
62,aquifer_vector,Principal_,principal_aquifer_name,,principal aquifer system name,
63,aquifer_vector,intersection_area_ha,intersection_area_ha,,area of intersection under aquifer,
64,aquifer_vector,y_value,y_value,,base weights assigned to each criteria in aquifer assessment,
65,aquifer_vector,newcode43,newcode43,,major aquifer code,
66,aquifer_vector,Lithology_,lithology_,,lithology type,
67,aquifer_vector,system,system,,,
68,aquifer_vector,Major_Aqui,major_aqui,,major aquifer,
69,aquifer_vector,objectid,objectid,,,
70,aquifer_vector,system:index,system:index,,,
71,drainage_lines,end_node,end_node,,unique identifier for the downstream point of drainage lines,
72,drainage_lines,ORDER,order,,Strahler order of stream within a network,
73,drainage_lines,stream_typ,stream_typ,,"stream type: what values does this take? 
stream type: start or intermediate",
74,drainage_lines,start_node,start_node,,unique identifier for the upstream point of drainage lines,
75,drainage_lines,cat,cat,,category for drainage feature ,
76,drainage_lines,id,id,,id,
77,drainage_lines,system:index,system:index,,,
78,drainage_lines,type_code,type_code,,"code to classify the type of drainage feature: what values does this take? 
start=0, intermediate=1",
79,drainage_lines,network,network,,,
80,swb3,no_town_cities_benefited,no_town_cities_benefited,,number of town/cities benefited from water body,
81,swb3,area_21-22,area_21-22,,area of surface water (in hectares) in 2021-2022,
82,swb3,census_id,census_id,,census id,
83,swb3,k_19-20,k_19-20,,percentage of water availability in kharif season of agriculture year 2019-2020,
84,swb3,ismissing,ismissing,,indicates if the record has missing data,
85,swb3,filled_up_storage_space_name,filled_up_storage_space_name,,"description if the storage area has been filled up: Usually filled up, Never filled up, Rarely filled up, Filled up every year",
86,swb3,kr_22-23,kr_22-23,,percentage of water availability in kharif and rabi season of agriculture year 2022-2023,
87,swb3,renovation_cost,renovation_cost,,cost incurred for renovation,
88,swb3,krz_23-24,krz_23-24,,"percentage of water availability in kharif, rabi and zaid season of agriculture year 2023-2024",
89,swb3,extent_of_area_covered_by_wua,extent_of_area_covered_by_wua,,area under the coverage of a water user association,
90,swb3,ref_selection_id_encroachment_assessed_name,ref_selection_id_encroachment_assessed_name,,,
91,swb3,si_no_of_water_body_within_village_town,si_no_of_water_body_within_village_town,,serial number of water body within a village/town,
92,swb3,k_21-22,k_21-22,,percentage of water availability in kharif season of agriculture year 2021-2022,
93,swb3,area_18-19,area_18-19,,area of surface water (in hectares) in 2018-2019,
94,swb3,basin_name,basin_name,,basin name,
95,swb3,sub_basin_name,sub_basin_name,,sub basin name ,
96,swb3,area_19-20,area_19-20,,area of surface water (in hectares) in 2019-2020,
97,swb3,k_18-19,k_18-19,,percentage of water availability in kharif season of agriculture year 2018-2019,
98,swb3,ref_water_body_type_id_name,ref_water_body_type_id_name,,"type of water body: Pond, lake, etc",
99,swb3,nature_of_storage,nature_of_storage,,nature of storage,
100,swb3,longitude_dec,longitude_dec,,longitude of the water body (decimal degrees),
101,swb3,water_body_name,water_body_name,,water body name,
102,swb3,unique_id,unique_id,,unique id,
103,swb3,kr_19-20,kr_19-20,,percentage of water availability in kharif and rabi season of agriculture year 2019-2020,
104,swb3,renovation_year,renovation_year,,year of renovation ,
105,swb3,MWS_UID,mws_uid,,micro water shed unique identifier,
106,swb3,storage_capacity_water_body_present,storage_capacity_water_body_present,,current storage capacity of water body,
107,swb3,no_villages_benefited,no_villages_benefited,,number of villages benefited from water body,
108,swb3,ref_selection_id_wua_exists_name,ref_selection_id_wua_exists_name,,"existence of a water user association: Yes, No, Not Known",
109,swb3,water_body_loc_name,water_body_loc_name,,water body location name ,
110,swb3,scheme_status_reason_name,scheme_status_reason_name,,"status of water body: Salinity, Impact of industrial effluents, Dried up etc.",
111,swb3,water,water,,flags whether water exist or not ,
112,swb3,kr_21-22,kr_21-22,,percentage of water availability in kharif and rabi season of agriculture year 2021-2022,
113,swb3,rural_or_urban,rural_or_urban,,waterbody located in rural or urban,
114,swb3,area_20-21,area_20-21,,area of surface water (in hectares) in 2020-2021,
115,swb3,krz_22-23,krz_22-23,,"percentage of water availability in kharif, rabi and zaid season of agriculture year 2022-2023",
116,swb3,ref_water_body_in_use_id_name,ref_water_body_in_use_id_name,,"current use status: true, false",
117,swb3,ref_selection_id_dip_sip_exists_name,ref_selection_id_dip_sip_exists_name,,,
118,swb3,UID,uid,,unique identifier,
119,swb3,storage_capacity_water_body_original,storage_capacity_water_body_original,,original designed storage capacity of waterbody,
120,swb3,Block/Tehsil Name,block/tehsil name,,tehsil/block  name ,
121,swb3,area_17-18,area_17-18,,area of surface water (in hectares) in 2017-2018,
122,swb3,k_22-23,k_22-23,,percentage of water availability in kharif season of agriculture year 2022-2023,
123,swb3,krz_19-20,krz_19-20,,"percentage of water availability in kharif, rabi and zaid season of agriculture year 2019-2020",
124,swb3,Village Name,village name,,village name ,
125,swb3,ref_water_body_under_repair_renovation_restoration_id_name,ref_water_body_under_repair_renovation_restoration_id_name,,,
126,swb3,filled_up_storage_name,filled_up_storage_name,,"whether the storage is filled up: Full, Upto 3/4, Upto 1/4, Upto 1/2",
127,swb3,District Name,district name,,district name,
128,swb3,kr_18-19,kr_18-19,,percentage of water availability in kharif and rabi season of agriculture year 2018-2019,
129,swb3,latitude_dec,latitude_dec,,latitude of the water body (decimal degrees),
130,swb3,construcion_year,construcion_year,,year of construction ,
131,swb3,max_depth_water_body_fully_filled,max_depth_water_body_fully_filled,,maximum depth of water body when fully filled,
132,swb3,water_body_ownership_name,water_body_ownership_name,,"ownership category: Panchayat, Other govt.agency, etc.",
133,swb3,kr_20-21,kr_20-21,,percentage of water availability in kharif and rabi season of agriculture year 2020-2021,
134,swb3,State Name,state name,,state name,
135,swb3,khasra_number,khasra_number,,khasra number,
136,swb3,krz_18-19,krz_18-19,,"percentage of water availability in kharif, rabi and zaid season of agriculture year 2018-2019",
137,swb3,area_23-24,area_23-24,,area of surface water (in hectares) in 2023-2024,
138,swb3,water_spread_area_of_water_body,water_spread_area_of_water_body,,area of water spread (in hectares),
139,swb3,area_ored,area_ored,,surveyed water body area ,
140,swb3,krz_21-22,krz_21-22,,"percentage of water availability in kharif, rabi and zaid season of agriculture year 2021-2022",
141,swb3,number_of_wua_formed,number_of_wua_formed,,number of water user associations formed,
142,swb3,ref_selection_id_water_body_encroached_name,ref_selection_id_water_body_encroached_name,,,
143,swb3,ward_name,ward_name,,ward name ,
144,swb3,k_23-24,k_23-24,,percentage of water availability in kharif season of agriculture year 2023-2024,
145,swb3,water_body_nature_name,water_body_nature_name,,"nature of water body: Natural, Man-made",
146,swb3,no_people_benefited_by_water_body,no_people_benefited_by_water_body,,number of people benefitted from water body,
147,swb3,kr_17-18,kr_17-18,,percentage of water availability in kharif and rabi season of agriculture year 2017-2018,
148,swb3,manmade_water_body_type_name,manmade_water_body_type_name,,man made water body type name,
149,swb3,category_sq_m,category_sq_m,,"size category in sq_m: 5000+, 1000-5000, 500-1000, 0-500",
150,swb3,krz_17-18,krz_17-18,,"percentage of water availability in kharif, rabi and zaid season of agriculture year 2017-2018",
151,swb3,reason_water_body_in_use_name2,reason_water_body_in_use_name2,,"secondary reason for use: Recreation, Religious, Pisciculture, Ground water recharge, Other",
152,swb3,area_22-23,area_22-23,,area of surface water (in hectares) in 2022-2023,
153,swb3,construction_cost,construction_cost,,construction cost,
154,swb3,any,any,,,
155,swb3,kr_23-24,kr_23-24,,percentage of water availability in kharif and rabi season of agriculture year 2023-2024,
156,swb3,krz_20-21,krz_20-21,,"percentage of water availability in kharif, rabi and zaid season of agriculture year 2020-2021",
157,swb3,ref_reason_water_body_in_use_id1_name,ref_reason_water_body_in_use_id1_name,,"primary reason for use: Recreation, Religious, Pisciculture, Ground water recharge, Other",
158,swb3,scheme_under_revival_is_done,scheme_under_revival_is_done,,,
159,swb3,k_20-21,k_20-21,,percentage of water availability in kharif season of agriculture year 2020-2021,
160,swb3,k_17-18,k_17-18,,percentage of water availability in kharif season of agriculture year 2017-2018,
161,swb3,reason_water_body_in_use_name3,reason_water_body_in_use_name3,,"third reason for use: Other, Ground water recharge, Irrigation, Pisciculture, Recreation, Religious, Industrial",
162,swb3,town_municipalty_name,town_municipalty_name,,town municipality name ,
163,swb3,system:index,system:index,,,
164,swb2,MWS_UID,MWS_UID,,micro water shed unique identifier,
165,swb2,UID,UID,,unique identifier,
166,swb2,any,any,,,
167,swb2,area_17-18,area_17-18,,area of surface water (in hectares) in 2017-2018,
168,swb2,area_18-19,area_18-19,,area of surface water (in hectares) in 2018-2019,
169,swb2,area_19-20,area_19-20,,area of surface water (in hectares) in 2019-2020,
170,swb2,area_20-21,area_20-21,,area of surface water (in hectares) in 2020-2021,
171,swb2,area_21-22,area_21-22,,area of surface water (in hectares) in 2021-2022,
172,swb2,area_22-23,area_22-23,,area of surface water (in hectares) in 2022-2023,
173,swb2,area_23-24,area_23-24,,area of surface water (in hectares) in 2023-2024,
174,swb2,area_ored,area_ored,,surveyed water body area ,
175,swb2,category_sq_m,category_sq_m,,"size category in sq_m: 5000+, 1000-5000, 500-1000, 0-500",
176,swb2,k_17-18,k_17-18,,percentage of water availability in kharif season of agriculture year 2017-2018,
177,swb2,k_18-19,k_18-19,,percentage of water availability in kharif season of agriculture year 2018-2019,
178,swb2,k_19-20,k_19-20,,percentage of water availability in kharif season of agriculture year 2019-2020,
179,swb2,k_20-21,k_20-21,,percentage of water availability in kharif season of agriculture year 2020-2021,
180,swb2,k_21-22,k_21-22,,percentage of water availability in kharif season of agriculture year 2021-2022,
181,swb2,k_22-23,k_22-23,,percentage of water availability in kharif season of agriculture year 2022-2023,
182,swb2,k_23-24,k_23-24,,percentage of water availability in kharif season of agriculture year 2023-2024,
183,swb2,kr_17-18,kr_17-18,,percentage of water availability in kharif and rabi season of agriculture year 2017-2018,
184,swb2,kr_18-19,kr_18-19,,percentage of water availability in kharif and rabi season of agriculture year 2018-2019,
185,swb2,kr_19-20,kr_19-20,,percentage of water availability in kharif and rabi season of agriculture year 2019-2020,
186,swb2,kr_20-21,kr_20-21,,percentage of water availability in kharif and rabi season of agriculture year 2020-2021,
187,swb2,kr_21-22,kr_21-22,,percentage of water availability in kharif and rabi season of agriculture year 2021-2022,
188,swb2,kr_22-23,kr_22-23,,percentage of water availability in kharif and rabi season of agriculture year 2022-2023,
189,swb2,kr_23-24,kr_23-24,,percentage of water availability in kharif and rabi season of agriculture year 2023-2024,
190,swb2,krz_17-18,krz_17-18,,"percentage of water availability in kharif, rabi and zaid season of agriculture year 2017-2018",
191,swb2,krz_18-19,krz_18-19,,"percentage of water availability in kharif, rabi and zaid season of agriculture year 2018-2019",
192,swb2,krz_19-20,krz_19-20,,"percentage of water availability in kharif, rabi and zaid season of agriculture year 2019-2020",
193,swb2,krz_20-21,krz_20-21,,"percentage of water availability in kharif, rabi and zaid season of agriculture year 2020-2021",
194,swb2,krz_21-22,krz_21-22,,"percentage of water availability in kharif, rabi and zaid season of agriculture year 2021-2022",
195,swb2,krz_22-23,krz_22-23,,"percentage of water availability in kharif, rabi and zaid season of agriculture year 2022-2023",
196,swb2,krz_23-24,krz_23-24,,"percentage of water availability in kharif, rabi and zaid season of agriculture year 2023-2024",
197,swb2,water,water,,flags whether water exist or not ,
198,change_vector_Afforestation,uid,uid,,unique identifier,
199,change_vector_Afforestation,area_in_ha,area_in_ha,,area in hectares identified as Tree Cover Gain,
200,change_vector_Afforestation,fa_fo,fa_fo,,Crops to Trees,
201,change_vector_Afforestation,total_aff,total_aff,,total tree cover gain,
202,change_vector_Afforestation,sc_fo,sc_fo,,Shrubs and Scrubs to Trees ,
203,change_vector_Afforestation,ba_fo,ba_fo,,Barren land to Trees,
204,change_vector_Afforestation,id,id,,id,
205,change_vector_Afforestation,bu_fo,bu_fo,,Built Up to Trees,
206,change_vector_Afforestation,fo_fo,fo_fo,,Trees to Trees,
207,change_vector_Afforestation,system:index,system:index,,,
208,change_vector_CropIntensity,tr_si,tr_si,,Tripple/annual/perennial Cropping to Single Cropping,
209,change_vector_CropIntensity,si_do,si_do,,Single Cropping to Double Cropping ,
210,change_vector_CropIntensity,uid,uid,,unique identifier,
211,change_vector_CropIntensity,si_tr,si_tr,,Single Cropping to Tripple/annual/perennial Cropping ,
212,change_vector_CropIntensity,same,same,,classification remains same during analysis,
213,change_vector_CropIntensity,area_in_ha,area_in_ha,,area in hectares identified for analysis,
214,change_vector_CropIntensity,do_tr,do_tr,,Double Cropping to Tripple/annual/perennial Cropping ,
215,change_vector_CropIntensity,total_change,total_change,,total change in cropping intensity,
216,change_vector_CropIntensity,tr_do,tr_do,,Tripple/annual/perennial Cropping to Double Cropping,
217,change_vector_CropIntensity,id,id,,id,
218,change_vector_CropIntensity,system:index,system:index,,,
219,change_vector_CropIntensity,do_si,do_si,,Double Cropping to Single Cropping,
220,change_vector_Deforestation,fo_fa,fo_fa,,Trees to Crops,
221,change_vector_Deforestation,uid,uid,,unique identifier,
222,change_vector_Deforestation,fo_ba,fo_ba,,Trees to Barren ,
223,change_vector_Deforestation,total_def,total_def,,total tree cover loss,
224,change_vector_Deforestation,area_in_ha,area_in_ha,,area in hectares identified as tree cover loss,
225,change_vector_Deforestation,fo_sc,fo_sc,,Trees to Shrubs and Scrubs,
226,change_vector_Deforestation,fo_bu,fo_bu,,Trees to Built Up,
227,change_vector_Deforestation,id,id,,id,
228,change_vector_Deforestation,fo_fo,fo_fo,,Trees to Trees,
229,change_vector_Deforestation,system:index,system:index,,,
230,change_vector_Degradation,uid,uid,,unique identifier,
231,change_vector_Degradation,f_bu,f_bu,,Crops to Built Up,
232,change_vector_Degradation,f_sc,f_sc,,Crops to Shrubs and Scrubs,
233,change_vector_Degradation,area_in_ha,area_in_ha,,area in hectares which is idenitified as Cropping reduction,
234,change_vector_Degradation,total_deg,total_deg,,total cropping reduction,
235,change_vector_Degradation,f_ba,f_ba,,Crops to Barren,
236,change_vector_Degradation,id,id,,id,
237,change_vector_Degradation,f_f,f_f,,Crops to Crops,
238,change_vector_Degradation,system:index,system:index,,,
239,change_vector_Urbanization,uid,uid,,unique identifier,
240,change_vector_Urbanization,tr_bu,tr_bu,,Trees/Crops to Built Up,
241,change_vector_Urbanization,bu_bu,bu_bu,,Built Up to Built Up,
242,change_vector_Urbanization,total_urb,total_urb,,total urbanization (hectares),
243,change_vector_Urbanization,area_in_ha,area_in_ha,,area in hectares identifed as urbanized,
244,change_vector_Urbanization,id,id,,id,
245,change_vector_Urbanization,w_bu,w_bu,,Water to Built Up,
246,change_vector_Urbanization,b_bu,b_bu,,Barren/Shrubs and Scrubs to Built Up,
247,change_vector_Urbanization,system:index,system:index,,,
248,cropping_intensity_2017-23,single_cropped_area_2018,single_cropped_area_2018,,single cropped area for 2018,
249,cropping_intensity_2017-23,total_cropable_area_ever_hydroyear_2017_2023,total_cropable_area_ever_hydroyear_2017_2023,,total area identified suitable for cropping at least once during the specified period (hydroyears 2017 to 2023),
250,cropping_intensity_2017-23,single_cropped_area_2019,single_cropped_area_2019,,single cropped area for 2019,
251,cropping_intensity_2017-23,single_kharif_cropped_area_2019,single_kharif_cropped_area_2019,,single kharif cropped area for 2019 ,
252,cropping_intensity_2017-23,single_kharif_cropped_area_2018,single_kharif_cropped_area_2018,,single kharif cropped area for 2018,
253,cropping_intensity_2017-23,single_kharif_cropped_area_2017,single_kharif_cropped_area_2017,,single kharif cropped area for 2017,
254,cropping_intensity_2017-23,sum,sum,,total cropped area in hectares,
255,cropping_intensity_2017-23,triply_cropped_area_2022,triply_cropped_area_2022,,tripple cropped crea for 2022,
256,cropping_intensity_2017-23,doubly_cropped_area_2018,doubly_cropped_area_2018,,double cropped area for 2018,
257,cropping_intensity_2017-23,triply_cropped_area_2021,triply_cropped_area_2021,,tripple/annual/perennial cropping area for 2021,
258,cropping_intensity_2017-23,doubly_cropped_area_2017,doubly_cropped_area_2017,,double cropped area for 2017,
259,cropping_intensity_2017-23,uid,uid,,unique identifier,
260,cropping_intensity_2017-23,triply_cropped_area_2020,triply_cropped_area_2020,,tripple cropped crea for 2020,
261,cropping_intensity_2017-23,single_non_kharif_cropped_area_2020,single_non_kharif_cropped_area_2020,,single non kharif cropped area for 2020,
262,cropping_intensity_2017-23,doubly_cropped_area_2019,doubly_cropped_area_2019,,double cropped area for 2019,
263,cropping_intensity_2017-23,cropping_intensity_2019,cropping_intensity_2019,,cropping intensity for 2019,
264,cropping_intensity_2017-23,single_non_kharif_cropped_area_2022,single_non_kharif_cropped_area_2022,,single non kharif cropped area for 2022,
265,cropping_intensity_2017-23,cropping_intensity_2018,cropping_intensity_2018,,cropping intensity for 2018,
266,cropping_intensity_2017-23,single_non_kharif_cropped_area_2021,single_non_kharif_cropped_area_2021,,single non kharif cropped area for 2021,
267,cropping_intensity_2017-23,cropping_intensity_2017,cropping_intensity_2017,,cropping intensity for 2017,
268,cropping_intensity_2017-23,area_in_ha,area_in_ha,,area in hectares idenfied for analysis,
269,cropping_intensity_2017-23,single_cropped_area_2020,single_cropped_area_2020,,single cropped area for 2020,
270,cropping_intensity_2017-23,triply_cropped_area_2023,triply_cropped_area_2023,,tripple cropped crea for 2023,
271,cropping_intensity_2017-23,single_non_kharif_cropped_area_2023,single_non_kharif_cropped_area_2023,,single non kharif cropped area for 2023,
272,cropping_intensity_2017-23,single_cropped_area_2021,single_cropped_area_2021,,single cropped area for 2021,
273,cropping_intensity_2017-23,single_cropped_area_2022,single_cropped_area_2022,,single cropped area for 2022,
274,cropping_intensity_2017-23,single_cropped_area_2023,single_cropped_area_2023,,single cropped area for 2023,
275,cropping_intensity_2017-23,id,id,,id,
276,cropping_intensity_2017-23,single_kharif_cropped_area_2023,single_kharif_cropped_area_2023,,single kharif cropped area for 2023,
277,cropping_intensity_2017-23,single_kharif_cropped_area_2022,single_kharif_cropped_area_2022,,single kharif cropped area for 2022,
278,cropping_intensity_2017-23,single_kharif_cropped_area_2021,single_kharif_cropped_area_2021,,single kharif cropped area for 2021,
279,cropping_intensity_2017-23,single_kharif_cropped_area_2020,single_kharif_cropped_area_2020,,single kharif cropped area for 2020,
280,cropping_intensity_2017-23,cropping_intensity_2023,cropping_intensity_2023,,cropping intensity for 2023,
281,cropping_intensity_2017-23,triply_cropped_area_2019,triply_cropped_area_2019,,tripple cropped crea for 2019,
282,cropping_intensity_2017-23,doubly_cropped_area_2021,doubly_cropped_area_2021,,double cropped area for 2021,
283,cropping_intensity_2017-23,triply_cropped_area_2018,triply_cropped_area_2018,,tripple cropped crea for 2018,
284,cropping_intensity_2017-23,doubly_cropped_area_2020,doubly_cropped_area_2020,,double cropped area for 2020,
285,cropping_intensity_2017-23,triply_cropped_area_2017,triply_cropped_area_2017,,tripple cropped crea for 2017,
286,cropping_intensity_2017-23,doubly_cropped_area_2023,doubly_cropped_area_2023,,double cropped area for 2023,
287,cropping_intensity_2017-23,single_non_kharif_cropped_area_2017,single_non_kharif_cropped_area_2017,,single non kharif cropped area for 2017,
288,cropping_intensity_2017-23,doubly_cropped_area_2022,doubly_cropped_area_2022,,double cropped area for 2022,
289,cropping_intensity_2017-23,cropping_intensity_2022,cropping_intensity_2022,,cropping intensity for 2022,
290,cropping_intensity_2017-23,single_non_kharif_cropped_area_2019,single_non_kharif_cropped_area_2019,,single non kharif cropped area for 2019,
291,cropping_intensity_2017-23,cropping_intensity_2021,cropping_intensity_2021,,cropping intensity for 2021,
292,cropping_intensity_2017-23,single_non_kharif_cropped_area_2018,single_non_kharif_cropped_area_2018,,single non kharif cropped area for 2018,
293,cropping_intensity_2017-23,cropping_intensity_2020,cropping_intensity_2020,,cropping intensity for 2020,
294,cropping_intensity_2017-23,system:index,system:index,,,
295,cropping_intensity_2017-23,single_cropped_area_2017,single_cropped_area_2017,,single cropped area for 2017,
296,drought_2017_2022,rd21-6-26,rd21-6-26,,rainfall deviation ,
297,drought_2017_2022,rd20-9-4,rd20-9-4,,rainfall deviation ,
298,drought_2017_2022,rd17-6-4,rd17-6-4,,rainfall deviation ,
299,drought_2017_2022,rd18-6-20,rd18-6-20,,rainfall deviation ,
300,drought_2017_2022,rd21-7-3,rd21-7-3,,rainfall deviation ,
301,drought_2017_2022,rd20-9-11,rd20-9-11,,rainfall deviation ,
302,drought_2017_2022,rd18-6-27,rd18-6-27,,rainfall deviation ,
303,drought_2017_2022,rd17-10-29,rd17-10-29,,rainfall deviation ,
304,drought_2017_2022,frth3_2019,frth3_2019,,frequency of drought for 2019 at threshold 3,
305,drought_2017_2022,frth3_2017,frth3_2017,,frequency of drought for 2017 at threshold 3,
306,drought_2017_2022,rd19-9-18,rd19-9-18,,rainfall deviation ,
307,drought_2017_2022,frth3_2018,frth3_2018,,frequency of drought for 2018 at threshold 3,
308,drought_2017_2022,kh_cr_2020,kh_cr_2020,,kharif cropped sqkm for 2020,
309,drought_2017_2022,kh_cr_2021,kh_cr_2021,,kharif cropped sqkm for 2021,
310,drought_2017_2022,rd20-9-18,rd20-9-18,,rainfall deviation ,
311,drought_2017_2022,kh_cr_2022,kh_cr_2022,,kharif cropped sqkm for 2022,
312,drought_2017_2022,rd19-9-11,rd19-9-11,,rainfall deviation ,
313,drought_2017_2022,rd22-9-25,rd22-9-25,,rainfall deviation ,
314,drought_2017_2022,rd17-8-27,rd17-8-27,,rainfall deviation ,
315,drought_2017_2022,kh_cr_2017,kh_cr_2017,,kharif cropped sqkm for 2017,
316,drought_2017_2022,rd20-10-2,rd20-10-2,,rainfall deviation ,
317,drought_2017_2022,kh_cr_2018,kh_cr_2018,,kharif cropped sqkm for 2018,
318,drought_2017_2022,rd19-9-4,rd19-9-4,,rainfall deviation ,
319,drought_2017_2022,kh_cr_2019,kh_cr_2019,,kharif cropped sqkm for 2019,
320,drought_2017_2022,rd17-8-20,rd17-8-20,,rainfall deviation ,
321,drought_2017_2022,rd20-10-9,rd20-10-9,,rainfall deviation ,
322,drought_2017_2022,rd18-6-13,rd18-6-13,,rainfall deviation ,
323,drought_2017_2022,rd19-9-25,rd19-9-25,,rainfall deviation ,
324,drought_2017_2022,rd17-10-1,rd17-10-1,,rainfall deviation ,
325,drought_2017_2022,rd17-10-8,rd17-10-8,,rainfall deviation ,
326,drought_2017_2022,rd17-7-9,rd17-7-9,,rainfall deviation ,
327,drought_2017_2022,rd19-10-2,rd19-10-2,,rainfall deviation ,
328,drought_2017_2022,rd17-8-13,rd17-8-13,,rainfall deviation ,
329,drought_2017_2022,rd21-7-10,rd21-7-10,,rainfall deviation ,
330,drought_2017_2022,frth1_2019,frth1_2019,,frequency of drought for 2019 at threshold 1,
331,drought_2017_2022,rd21-8-7,rd21-8-7,,rainfall deviation ,
332,drought_2017_2022,rd18-7-11,rd18-7-11,,rainfall deviation ,
333,drought_2017_2022,rd17-7-2,rd17-7-2,,rainfall deviation ,
334,drought_2017_2022,rd19-10-9,rd19-10-9,,rainfall deviation ,
335,drought_2017_2022,t_wks_2017,t_wks_2017,,total weeks analysed in 2017,
336,drought_2017_2022,frth1_2017,frth1_2017,,frequency of drought for 2017 at threshold 1,
337,drought_2017_2022,rd22-10-9,rd22-10-9,,rainfall deviation ,
338,drought_2017_2022,rd21-7-17,rd21-7-17,,rainfall deviation ,
339,drought_2017_2022,frth1_2018,frth1_2018,,frequency of drought for 2018 at threshold 1,
340,drought_2017_2022,inth3_2020,inth3_2020,,intensity of drought 2020 at threshold 3,
341,drought_2017_2022,uid,uid,,unique identifier,
342,drought_2017_2022,inth3_2021,inth3_2021,,intensity of drought 2021 at threshold 3,
343,drought_2017_2022,rd20-8-21,rd20-8-21,,rainfall deviation ,
344,drought_2017_2022,rd18-7-18,rd18-7-18,,rainfall deviation ,
345,drought_2017_2022,t_wks_2018,t_wks_2018,,total weeks analysed in 2018,
346,drought_2017_2022,inth3_2022,inth3_2022,,intensity of drought 2022 at threshold 3,
347,drought_2017_2022,t_wks_2019,t_wks_2019,,total weeks analysed in 2019,
348,drought_2017_2022,rd19-8-28,rd19-8-28,,rainfall deviation ,
349,drought_2017_2022,rd20-8-28,rd20-8-28,,rainfall deviation ,
350,drought_2017_2022,rd22-6-5,rd22-6-5,,rainfall deviation ,
351,drought_2017_2022,rd20-10-16,rd20-10-16,,rainfall deviation ,
352,drought_2017_2022,rd19-8-21,rd19-8-21,,rainfall deviation ,
353,drought_2017_2022,rd22-9-11,rd22-9-11,,rainfall deviation ,
354,drought_2017_2022,rd21-7-24,rd21-7-24,,rainfall deviation ,
355,drought_2017_2022,rd19-8-7,rd19-8-7,,rainfall deviation ,
356,drought_2017_2022,rd17-7-30,rd17-7-30,,rainfall deviation ,
357,drought_2017_2022,frth3_2022,frth3_2022,,frequency of drought for 2022 at threshold 3,
358,drought_2017_2022,frth3_2020,frth3_2020,,frequency of drought for 2020 at threshold 3,
359,drought_2017_2022,frth3_2021,frth3_2021,,frequency of drought for 2021 at threshold 3,
360,drought_2017_2022,rd20-8-14,rd20-8-14,,rainfall deviation ,
361,drought_2017_2022,inth3_2017,inth3_2017,,intensity of drought 2017 at threshold 3,
362,drought_2017_2022,inth3_2018,inth3_2018,,intensity of drought 2018 at threshold 3,
363,drought_2017_2022,rd22-9-18,rd22-9-18,,rainfall deviation ,
364,drought_2017_2022,inth3_2019,inth3_2019,,intensity of drought 2019 at threshold 3,
365,drought_2017_2022,system:index,system:index,,,
366,drought_2017_2022,rd20-7-3,rd20-7-3,,rainfall deviation ,
367,drought_2017_2022,rd17-8-6,rd17-8-6,,rainfall deviation ,
368,drought_2017_2022,rd17-7-23,rd17-7-23,,rainfall deviation ,
369,drought_2017_2022,rd20-10-30,rd20-10-30,,rainfall deviation ,
370,drought_2017_2022,w_mld_2017,w_mld_2017,,number of weeks in mild drought for 2017,
371,drought_2017_2022,w_mld_2018,w_mld_2018,,number of weeks in mild drought for 2018,
372,drought_2017_2022,w_mld_2019,w_mld_2019,,number of weeks in mild drought for 2019,
373,drought_2017_2022,rd22-5-29,rd22-5-29,,rainfall deviation ,
374,drought_2017_2022,rd20-7-31,rd20-7-31,,rainfall deviation ,
375,drought_2017_2022,rd18-6-6,rd18-6-6,,rainfall deviation ,
376,drought_2017_2022,w_mld_2020,w_mld_2020,,number of weeks in mild drought for 2020,
377,drought_2017_2022,w_mld_2021,w_mld_2021,,number of weeks in mild drought for 2021,
378,drought_2017_2022,w_mld_2022,w_mld_2022,,number of weeks in mild drought for 2022,
379,drought_2017_2022,rd19-7-3,rd19-7-3,,rainfall deviation ,
380,drought_2017_2022,rd18-10-31,rd18-10-31,,rainfall deviation ,
381,drought_2017_2022,rd19-10-23,rd19-10-23,,rainfall deviation ,
382,drought_2017_2022,t_wks_2020,t_wks_2020,,total weeks analysed in 2020,
383,drought_2017_2022,rd19-5-29,rd19-5-29,,rainfall deviation ,
384,drought_2017_2022,m_ons_2017,m_ons_2017,,monsoon onset for 2017,
385,drought_2017_2022,t_wks_2021,t_wks_2021,,total weeks analysed in 2021,
386,drought_2017_2022,m_ons_2019,m_ons_2019,,monsoon onset for 2019,
387,drought_2017_2022,t_wks_2022,t_wks_2022,,total weeks analysed in 2022,
388,drought_2017_2022,m_ons_2018,m_ons_2018,,monsoon onset for 2018,
389,drought_2017_2022,rd21-5-29,rd21-5-29,,rainfall deviation ,
390,drought_2017_2022,frth1_2022,frth1_2022,,frequency of drought for 2022 at threshold 1,
391,drought_2017_2022,m_ons_2020,m_ons_2020,,monsoon onset for 2020,
392,drought_2017_2022,m_ons_2022,m_ons_2022,,monsoon onset for 2022,
393,drought_2017_2022,m_ons_2021,m_ons_2021,,monsoon onset for 2021,
394,drought_2017_2022,frth1_2020,frth1_2020,,frequency of drought for 2020 at threshold 1,
395,drought_2017_2022,frth1_2021,frth1_2021,,frequency of drought for 2021 at threshold 1,
396,drought_2017_2022,rd20-7-24,rd20-7-24,,rainfall deviation ,
397,drought_2017_2022,rd21-10-16,rd21-10-16,,rainfall deviation ,
398,drought_2017_2022,rd20-10-23,rd20-10-23,,rainfall deviation ,
399,drought_2017_2022,rd17-7-16,rd17-7-16,,rainfall deviation ,
400,drought_2017_2022,rd19-10-16,rd19-10-16,,rainfall deviation ,
401,drought_2017_2022,rd20-8-7,rd20-8-7,,rainfall deviation ,
402,drought_2017_2022,rd17-9-3,rd17-9-3,,rainfall deviation ,
403,drought_2017_2022,rd22-10-30,rd22-10-30,,rainfall deviation ,
404,drought_2017_2022,rd18-10-24,rd18-10-24,,rainfall deviation ,
405,drought_2017_2022,rd18-5-30,rd18-5-30,,rainfall deviation ,
406,drought_2017_2022,rd21-6-5,rd21-6-5,,rainfall deviation ,
407,drought_2017_2022,rd17-10-15,rd17-10-15,,rainfall deviation ,
408,drought_2017_2022,w_mod_2022,w_mod_2022,,number of weeks in moderate drought for 2022,
409,drought_2017_2022,rd20-7-10,rd20-7-10,,rainfall deviation ,
410,drought_2017_2022,w_mod_2021,w_mod_2021,,number of weeks in moderate drought for 2021,
411,drought_2017_2022,w_mod_2020,w_mod_2020,,number of weeks in moderate drought for 2020,
412,drought_2017_2022,w_no_2017,w_no_2017,,number of weeks in no drought for 2017,
413,drought_2017_2022,w_no_2018,w_no_2018,,number of weeks in no drought for 2018,
414,drought_2017_2022,w_no_2019,w_no_2019,,number of weeks in no drought for 2019,
415,drought_2017_2022,rd18-7-4,rd18-7-4,,rainfall deviation ,
416,drought_2017_2022,frth2_2020,frth2_2020,,frequency of drought for 2020 at threshold 2,
417,drought_2017_2022,rd18-10-17,rd18-10-17,,rainfall deviation ,
418,drought_2017_2022,frth2_2022,frth2_2022,,frequency of drought for 2022 at threshold 2,
419,drought_2017_2022,frth2_2021,frth2_2021,,frequency of drought for 2021 at threshold 2,
420,drought_2017_2022,rd20-7-17,rd20-7-17,,rainfall deviation ,
421,drought_2017_2022,rd21-10-23,rd21-10-23,,rainfall deviation ,
422,drought_2017_2022,rd19-6-5,rd19-6-5,,rainfall deviation ,
423,drought_2017_2022,rd18-10-10,rd18-10-10,,rainfall deviation ,
424,drought_2017_2022,frth2_2017,frth2_2017,,frequency of drought for 2017 at threshold 2,
425,drought_2017_2022,rd22-10-23,rd22-10-23,,rainfall deviation ,
426,drought_2017_2022,rd21-10-30,rd21-10-30,,rainfall deviation ,
427,drought_2017_2022,rd17-6-25,rd17-6-25,,rainfall deviation ,
428,drought_2017_2022,frth2_2019,frth2_2019,,frequency of drought for 2019 at threshold 2,
429,drought_2017_2022,rd21-6-12,rd21-6-12,,rainfall deviation ,
430,drought_2017_2022,frth2_2018,frth2_2018,,frequency of drought for 2018 at threshold 2,
431,drought_2017_2022,rd17-10-22,rd17-10-22,,rainfall deviation ,
432,drought_2017_2022,rd21-6-19,rd21-6-19,,rainfall deviation ,
433,drought_2017_2022,w_mod_2019,w_mod_2019,,number of weeks in moderate drought for 2019,
434,drought_2017_2022,w_mod_2018,w_mod_2018,,number of weeks in moderate drought for 2018,
435,drought_2017_2022,w_no_2020,w_no_2020,,number of weeks in no drought for 2020,
436,drought_2017_2022,w_mod_2017,w_mod_2017,,number of weeks in moderate drought for 2017,
437,drought_2017_2022,w_no_2021,w_no_2021,,number of weeks in no drought for 2021,
438,drought_2017_2022,w_no_2022,w_no_2022,,number of weeks in no drought for 2022,
439,drought_2017_2022,avg_dryspell,avg_dryspell,,average dry spell,
440,drought_2017_2022,rd17-6-11,rd17-6-11,,rainfall deviation ,
441,drought_2017_2022,rd21-9-11,rd21-9-11,,rainfall deviation ,
442,drought_2017_2022,drysp_2019,drysp_2019,,dryspell length 2019,
443,drought_2017_2022,drysp_2018,drysp_2018,,dryspell length 2018,
444,drought_2017_2022,rd22-10-16,rd22-10-16,,rainfall deviation ,
445,drought_2017_2022,rd18-9-12,rd18-9-12,,rainfall deviation ,
446,drought_2017_2022,drysp_2017,drysp_2017,,dryspell length 2017,
447,drought_2017_2022,rd21-9-18,rd21-9-18,,rainfall deviation ,
448,drought_2017_2022,drlb_2017,drlb_2017,,drought labels 2017,
449,drought_2017_2022,rd18-8-8,rd18-8-8,,rainfall deviation ,
450,drought_2017_2022,inth0_2022,inth0_2022,,intensity of drought 2022 at threshold 0,
451,drought_2017_2022,rd18-9-19,rd18-9-19,,rainfall deviation ,
452,drought_2017_2022,rd18-8-1,rd18-8-1,,rainfall deviation ,
453,drought_2017_2022,inth0_2020,inth0_2020,,intensity of drought 2020 at threshold 0,
454,drought_2017_2022,inth0_2021,inth0_2021,,intensity of drought 2021 at threshold 0,
455,drought_2017_2022,rd22-9-4,rd22-9-4,,rainfall deviation ,
456,drought_2017_2022,rd19-6-26,rd19-6-26,,rainfall deviation ,
457,drought_2017_2022,rd20-6-26,rd20-6-26,,rainfall deviation ,
458,drought_2017_2022,rd17-6-18,rd17-6-18,,rainfall deviation ,
459,drought_2017_2022,rd21-9-25,rd21-9-25,,rainfall deviation ,
460,drought_2017_2022,rd20-6-12,rd20-6-12,,rainfall deviation ,
461,drought_2017_2022,inth2_2021,inth2_2021,,intensity of drought 2021 at threshold 2,
462,drought_2017_2022,inth2_2020,inth2_2020,,intensity of drought 2020 at threshold 2,
463,drought_2017_2022,rd22-7-17,rd22-7-17,,rainfall deviation ,
464,drought_2017_2022,rd22-7-10,rd22-7-10,,rainfall deviation ,
465,drought_2017_2022,rd20-6-19,rd20-6-19,,rainfall deviation ,
466,drought_2017_2022,inth2_2022,inth2_2022,,intensity of drought 2022 at threshold 2,
467,drought_2017_2022,rd20-6-5,rd20-6-5,,rainfall deviation ,
468,drought_2017_2022,rd19-10-30,rd19-10-30,,rainfall deviation ,
469,drought_2017_2022,rd18-9-5,rd18-9-5,,rainfall deviation ,
470,drought_2017_2022,frth0_2019,frth0_2019,,frequency of drought for 2019 at threshold 0,
471,drought_2017_2022,frth0_2018,frth0_2018,,frequency of drought for 2018 at threshold 0,
472,drought_2017_2022,frth0_2017,frth0_2017,,frequency of drought for 2017 at threshold 0,
473,drought_2017_2022,rd22-6-19,rd22-6-19,,rainfall deviation ,
474,drought_2017_2022,area_in_ha,area_in_ha,,area in hectares,
475,drought_2017_2022,rd17-5-28,rd17-5-28,,rainfall deviation ,
476,drought_2017_2022,rd22-6-12,rd22-6-12,,rainfall deviation ,
477,drought_2017_2022,rd19-6-19,rd19-6-19,,rainfall deviation ,
478,drought_2017_2022,rd18-9-26,rd18-9-26,,rainfall deviation ,
479,drought_2017_2022,frth0_2022,frth0_2022,,frequency of drought for 2022 at threshold 0,
480,drought_2017_2022,frth0_2021,frth0_2021,,frequency of drought for 2021 at threshold 0,
481,drought_2017_2022,frth0_2020,frth0_2020,,frequency of drought for 2020 at threshold 0,
482,drought_2017_2022,drlb_2019,drlb_2019,,drought labels 2019,
483,drought_2017_2022,drlb_2018,drlb_2018,,drought labels 2018,
484,drought_2017_2022,drlb_2022,drlb_2022,,drought labels 2022,
485,drought_2017_2022,drlb_2021,drlb_2021,,drought labels 2021,
486,drought_2017_2022,drlb_2020,drlb_2020,,drought labels 2020,
487,drought_2017_2022,rd22-6-26,rd22-6-26,,rainfall deviation ,
488,drought_2017_2022,rd19-6-12,rd19-6-12,,rainfall deviation ,
489,drought_2017_2022,inth0_2019,inth0_2019,,intensity of drought 2019 at threshold 0,
490,drought_2017_2022,rd20-5-29,rd20-5-29,,rainfall deviation ,
491,drought_2017_2022,inth0_2017,inth0_2017,,intensity of drought 2017 at threshold 0,
492,drought_2017_2022,inth0_2018,inth0_2018,,intensity of drought 2018 at threshold 0,
493,drought_2017_2022,pcr_k_2022,pcr_k_2022,,percent of area cropped kharif for 2022,
494,drought_2017_2022,pcr_k_2021,pcr_k_2021,,percent of area cropped kharif for 2021,
495,drought_2017_2022,rd21-7-31,rd21-7-31,,rainfall deviation ,
496,drought_2017_2022,pcr_k_2020,pcr_k_2020,,percent of area cropped kharif for 2020,
497,drought_2017_2022,rd21-9-4,rd21-9-4,,rainfall deviation ,
498,drought_2017_2022,w_sev_2020,w_sev_2020,,number of weeks in severe drought for 2020,
499,drought_2017_2022,w_sev_2017,w_sev_2017,,number of weeks in severe drought for 2017,
500,drought_2017_2022,w_sev_2019,w_sev_2019,,number of weeks in severe drought for 2019,
501,drought_2017_2022,w_sev_2018,w_sev_2018,,number of weeks in severe drought for 2018,
502,drought_2017_2022,rd22-8-14,rd22-8-14,,rainfall deviation ,
503,drought_2017_2022,rd22-7-3,rd22-7-3,,rainfall deviation ,
504,drought_2017_2022,rd19-7-31,rd19-7-31,,rainfall deviation ,
505,drought_2017_2022,rd22-8-21,rd22-8-21,,rainfall deviation ,
506,drought_2017_2022,rd21-8-14,rd21-8-14,,rainfall deviation ,
507,drought_2017_2022,pcr_k_2019,pcr_k_2019,,percent of area cropped kharif for 2019,
508,drought_2017_2022,rd18-7-25,rd18-7-25,,rainfall deviation ,
509,drought_2017_2022,pcr_k_2018,pcr_k_2018,,percent of area cropped kharif for 2018,
510,drought_2017_2022,pcr_k_2017,pcr_k_2017,,percent of area cropped kharif for 2017,
511,drought_2017_2022,rd19-8-14,rd19-8-14,,rainfall deviation ,
512,drought_2017_2022,rd22-10-2,rd22-10-2,,rainfall deviation ,
513,drought_2017_2022,rd22-8-28,rd22-8-28,,rainfall deviation ,
514,drought_2017_2022,rd17-9-24,rd17-9-24,,rainfall deviation ,
515,drought_2017_2022,rd21-8-21,rd21-8-21,,rainfall deviation ,
516,drought_2017_2022,inth1_2019,inth1_2019,,intensity of drought 2019 at threshold 1,
517,drought_2017_2022,rd18-8-22,rd18-8-22,,rainfall deviation ,
518,drought_2017_2022,inth1_2018,inth1_2018,,intensity of drought 2018 at threshold 1,
519,drought_2017_2022,inth1_2017,inth1_2017,,intensity of drought 2017 at threshold 1,
520,drought_2017_2022,rd21-8-28,rd21-8-28,,rainfall deviation ,
521,drought_2017_2022,rd19-7-10,rd19-7-10,,rainfall deviation ,
522,drought_2017_2022,inth2_2018,inth2_2018,,intensity of drought 2018 at threshold 2,
523,drought_2017_2022,inth2_2017,inth2_2017,,intensity of drought 2017 at threshold 2,
524,drought_2017_2022,rd18-8-29,rd18-8-29,,rainfall deviation ,
525,drought_2017_2022,rd19-7-17,rd19-7-17,,rainfall deviation ,
526,drought_2017_2022,inth2_2019,inth2_2019,,intensity of drought 2019 at threshold 2,
527,drought_2017_2022,rd18-10-3,rd18-10-3,,rainfall deviation ,
528,drought_2017_2022,rd22-8-7,rd22-8-7,,rainfall deviation ,
529,drought_2017_2022,rd22-7-24,rd22-7-24,,rainfall deviation ,
530,drought_2017_2022,drysp_2022,drysp_2022,,dryspell length 2022,
531,drought_2017_2022,rd17-9-17,rd17-9-17,,rainfall deviation ,
532,drought_2017_2022,drysp_2021,drysp_2021,,dryspell length 2021,
533,drought_2017_2022,inth1_2022,inth1_2022,,intensity of drought 2022 at threshold 1,
534,drought_2017_2022,rd22-7-31,rd22-7-31,,rainfall deviation ,
535,drought_2017_2022,inth1_2021,inth1_2021,,intensity of drought 2021 at threshold 1,
536,drought_2017_2022,inth1_2020,inth1_2020,,intensity of drought 2020 at threshold 1,
537,drought_2017_2022,drysp_2020,drysp_2020,,dryspell length 2020,
538,drought_2017_2022,rd17-9-10,rd17-9-10,,rainfall deviation ,
539,drought_2017_2022,rd18-8-15,rd18-8-15,,rainfall deviation ,
540,drought_2017_2022,w_sev_2022,w_sev_2022,,number of weeks in severe drought for 2022,
541,drought_2017_2022,rd21-10-9,rd21-10-9,,rainfall deviation ,
542,drought_2017_2022,w_sev_2021,w_sev_2021,,number of weeks in severe drought for 2021,
543,drought_2017_2022,rd19-7-24,rd19-7-24,,rainfall deviation ,
544,drought_2017_2022,rd21-10-2,rd21-10-2,,rainfall deviation ,
545,drought_2017_2022,rd20-9-25,rd20-9-25,,rainfall deviation ,
546,restoration_vector,uid,uid,,unique identifier,
547,restoration_vector,area_in_ha,area_in_ha,,area in hectares,
548,restoration_vector,Excluded Areas,excluded areas,,areas that are excluded from restoration,
549,restoration_vector,id,id,,id,
550,restoration_vector,Mosaic Restoration,mosaic restoration,,area of land restored using a patchwork approach,
551,restoration_vector,Protection,protection,,area that falls under protection measures,
552,restoration_vector,Wide-scale Restoration,wide-scale restoration,,area of land involved in broad sacle restoration,
553,restoration_vector,system:index,system:index,,,
554,soge_vector,code,code,,"code of the class(Safe=1, Semi-Critical=2, Critical=3, Over-Exploited=4, Saline=5)",
555,soge_vector,soge_block,soge_block,,block name,
556,soge_vector,agwd_dom_i,agwd_dom_i,,annual ground water draft for domestic and industrial,
557,soge_vector,pct_area_soge,pct_area_soge,,percentage of the area that falls under the given assessment unit,
558,soge_vector,ar_gwr_tot,ar_gwr_tot,,annual extractable ground water replenishment,
559,soge_vector,soge_district,soge_district,,district name,
560,soge_vector,agwd_irr,agwd_irr,,annual ground water draft for irrigation,
561,soge_vector,uid,uid,,unique identifier,
562,soge_vector,soge_tehsil,soge_tehsil,,tehsil name,
563,soge_vector,soge_state,soge_state,,state name,
564,soge_vector,soge_objectid,soge_objectid,,object id,
565,soge_vector,area_in_ha,area_in_ha,,area in hectares,
566,soge_vector,sgw_dev_pe,sgw_dev_pe,,stage of ground water development in percentage,
567,soge_vector,nat_discha,nat_discha,,natural discharge,
568,soge_vector,max_intersection_area_ha,max_intersection_area_ha,,maximum overlapping area (in hectares),
569,soge_vector,class,class,,"ground water resource categorization(Safe, Semi-Critical, Critical, Over-Exploited, Saline)",
570,soge_vector,na_gwa,na_gwa,,net annual ground water availability,
571,soge_vector,system:index,system:index,,,
572,soge_vector,agwd_tot,agwd_tot,,total annual ground water draft,
573,lulc_vector,single_kharif_cropped_area_2019,single_kharif_cropped_area_2019,,single kharif cropped area for 2019,
574,lulc_vector,single_kharif_cropped_area_2018,single_kharif_cropped_area_2018,,single kharif cropped area for 2018,
575,lulc_vector,barrenlands_area_2017,barrenlands_area_2017,,barren land area for 2017,
576,lulc_vector,single_kharif_cropped_area_2017,single_kharif_cropped_area_2017,,single kharif cropped area for 2017,
577,lulc_vector,barrenlands_area_2018,barrenlands_area_2018,,barren land area for 2018,
578,lulc_vector,barrenlands_area_2019,barrenlands_area_2019,,barren land area for 2019,
579,lulc_vector,triply_cropped_area_2022,triply_cropped_area_2022,,tripple/annual/perennial cropping area for 2022,
580,lulc_vector,triply_cropped_area_2021,triply_cropped_area_2021,,tripple/annual/perennial cropping area for 2021,
581,lulc_vector,triply_cropped_area_2020,triply_cropped_area_2020,,tripple/annual/perennial cropping area for 2020,
582,lulc_vector,triply_cropped_area_2023,triply_cropped_area_2023,,tripple/annual/perennial cropping area for 2023,
583,lulc_vector,shrub_scrub_area_2023,shrub_scrub_area_2023,,shrubs and shrubs area for 2023,
584,lulc_vector,id,id,,id,
585,lulc_vector,shrub_scrub_area_2022,shrub_scrub_area_2022,,shrubs and shrubs area for 2022,
586,lulc_vector,shrub_scrub_area_2021,shrub_scrub_area_2021,,shrubs and shrubs area for 2021,
587,lulc_vector,shrub_scrub_area_2020,shrub_scrub_area_2020,,shrubs and shrubs area for 2020,
588,lulc_vector,barrenlands_area_2023,barrenlands_area_2023,,barren land area for 2023,
589,lulc_vector,barrenlands_area_2021,barrenlands_area_2021,,barren land area for 2021,
590,lulc_vector,barrenlands_area_2022,barrenlands_area_2022,,barren land area for 2022,
591,lulc_vector,shrub_scrub_area_2019,shrub_scrub_area_2019,,shrubs and shrubs area for 2019,
592,lulc_vector,shrub_scrub_area_2018,shrub_scrub_area_2018,,shrubs and shrubs area for 2018,
593,lulc_vector,shrub_scrub_area_2017,shrub_scrub_area_2017,,shrubs and shrubs area for 2017,
594,lulc_vector,tree_forest_area_2023,tree_forest_area_2023,,tree area(changed) for 2023,
595,lulc_vector,single_kharif_cropped_area_2023,single_kharif_cropped_area_2023,,single kharif cropped area for 2023,
596,lulc_vector,single_kharif_cropped_area_2022,single_kharif_cropped_area_2022,,single kharif cropped area for 2022,
597,lulc_vector,single_kharif_cropped_area_2021,single_kharif_cropped_area_2021,,single kharif cropped area for 2021,
598,lulc_vector,single_kharif_cropped_area_2020,single_kharif_cropped_area_2020,,single kharif cropped area for 2020,
599,lulc_vector,tree_forest_area_2020,tree_forest_area_2020,,tree area(changed) for 2020,
600,lulc_vector,tree_forest_area_2021,tree_forest_area_2021,,tree area(changed) for 2021,
601,lulc_vector,tree_forest_area_2022,tree_forest_area_2022,,tree area(changed) for 2023,
602,lulc_vector,triply_cropped_area_2019,triply_cropped_area_2019,,tripple/annual/perennial cropping area for 2019,
603,lulc_vector,doubly_cropped_area_2021,doubly_cropped_area_2021,,double cropping area for 2021,
604,lulc_vector,triply_cropped_area_2018,triply_cropped_area_2018,,tripple/annual/perennial cropping area for 2018,
605,lulc_vector,doubly_cropped_area_2020,doubly_cropped_area_2020,,double cropping area for 2020,
606,lulc_vector,triply_cropped_area_2017,triply_cropped_area_2017,,tripple/annual/perennial cropping area for 2017,
607,lulc_vector,doubly_cropped_area_2023,doubly_cropped_area_2023,,double cropping area for 2023,
608,lulc_vector,doubly_cropped_area_2022,doubly_cropped_area_2022,,double cropping area for 2022,
609,lulc_vector,barrenlands_area_2020,barrenlands_area_2020,,barren land area for 2020,
610,lulc_vector,cropland_area_2018,cropland_area_2018,,cropland area for 2018,
611,lulc_vector,krz_water_area_2021,krz_water_area_2021,,"kharif, rabi and zaid water area for 2021",
612,lulc_vector,k_water_area_2017,k_water_area_2017,,kharif water area for 2017,
613,lulc_vector,cropland_area_2017,cropland_area_2017,,cropland area for 2017,
614,lulc_vector,krz_water_area_2020,krz_water_area_2020,,"kharif, rabi and zaid water area for 2020",
615,lulc_vector,k_water_area_2018,k_water_area_2018,,kharif water area for 2018,
616,lulc_vector,krz_water_area_2023,krz_water_area_2023,,"kharif, rabi and zaid water area for 2018",
617,lulc_vector,k_water_area_2019,k_water_area_2019,,kharif water area for 2019,
618,lulc_vector,cropland_area_2019,cropland_area_2019,,cropland area for 2019,
619,lulc_vector,krz_water_area_2022,krz_water_area_2022,,"kharif, rabi and zaid water area for 2022",
620,lulc_vector,kr_water_area_2022,kr_water_area_2022,,kharif and rabi water area for 2022,
621,lulc_vector,kr_water_area_2023,kr_water_area_2023,,kharif and rabi water area for 2023,
622,lulc_vector,sum,sum,,total classified area across all categories,
623,lulc_vector,tree_forest_area_2017,tree_forest_area_2017,,tree to tree area for 2017,
624,lulc_vector,tree_forest_area_2018,tree_forest_area_2018,,tree to tree area for 2018,
625,lulc_vector,tree_forest_area_2019,tree_forest_area_2019,,tree to tree area for 2019,
626,lulc_vector,doubly_cropped_area_2018,doubly_cropped_area_2018,,double cropped area for 2018,
627,lulc_vector,doubly_cropped_area_2017,doubly_cropped_area_2017,,double cropped area for 2017,
628,lulc_vector,uid,uid,,unique identifier,
629,lulc_vector,single_non_kharif_cropped_area_2020,single_non_kharif_cropped_area_2020,,single non kharif cropped area for 2020,
630,lulc_vector,doubly_cropped_area_2019,doubly_cropped_area_2019,,double cropped area for 2019,
631,lulc_vector,single_non_kharif_cropped_area_2022,single_non_kharif_cropped_area_2022,,single non kharif cropped area for 2022,
632,lulc_vector,single_non_kharif_cropped_area_2021,single_non_kharif_cropped_area_2021,,single non kharif cropped area for 2021,
633,lulc_vector,area_in_ha,area_in_ha,,area in hectares,
634,lulc_vector,single_non_kharif_cropped_area_2023,single_non_kharif_cropped_area_2023,,single non kharif cropped area for 2023,
635,lulc_vector,kr_water_area_2020,kr_water_area_2020,,kharif and rabi water area for 2020,
636,lulc_vector,kr_water_area_2021,kr_water_area_2021,,kharif and rabi water area for 2021,
637,lulc_vector,krz_water_area_2018,krz_water_area_2018,,"kharif, rabi and zaid water area for 2018",
638,lulc_vector,krz_water_area_2017,krz_water_area_2017,,"kharif, rabi and zaid water area for 2017",
639,lulc_vector,krz_water_area_2019,krz_water_area_2019,,"kharif, rabi and zaid water area for 2019",
640,lulc_vector,kr_water_area_2017,kr_water_area_2017,,kharif and rabi water area for 2017,
641,lulc_vector,kr_water_area_2018,kr_water_area_2018,,kharif and rabi water area for 2018,
642,lulc_vector,built-up_area_2017,built-up_area_2017,,built up area for 2017,
643,lulc_vector,k_water_area_2020,k_water_area_2020,,kharif water area for 2020,
644,lulc_vector,built-up_area_2018,built-up_area_2018,,built up area for 2018,
645,lulc_vector,k_water_area_2021,k_water_area_2021,,kharif water area for 2021,
646,lulc_vector,built-up_area_2019,built-up_area_2019,,built up area for 2019,
647,lulc_vector,k_water_area_2022,k_water_area_2022,,kharif water area for 2022,
648,lulc_vector,k_water_area_2023,k_water_area_2023,,kharif water area for 2023,
649,lulc_vector,kr_water_area_2019,kr_water_area_2019,,kharif and rabi water area for 2019,
650,lulc_vector,built-up_area_2020,built-up_area_2020,,built up area for 2020,
651,lulc_vector,built-up_area_2021,built-up_area_2021,,built up area for 2021,
652,lulc_vector,built-up_area_2022,built-up_area_2022,,built up area for 2022,
653,lulc_vector,built-up_area_2023,built-up_area_2023,,built up area for 2023,
654,lulc_vector,single_non_kharif_cropped_area_2017,single_non_kharif_cropped_area_2017,,single non kharif cropped area for 2017,
655,lulc_vector,cropland_area_2021,cropland_area_2021,,cropland area for 2021,
656,lulc_vector,cropland_area_2020,cropland_area_2020,,cropland area for 2020,
657,lulc_vector,single_non_kharif_cropped_area_2019,single_non_kharif_cropped_area_2019,,single non kharif cropped area for 2019,
658,lulc_vector,cropland_area_2023,cropland_area_2023,,cropland area for 2023,
659,lulc_vector,single_non_kharif_cropped_area_2018,single_non_kharif_cropped_area_2018,,single non kharif cropped area for 2018,
660,lulc_vector,cropland_area_2022,cropland_area_2022,,cropland area for 2022,
661,lulc_vector,system:index,system:index,,,
662,lulcXplains_clusters,LxP_cluster,lxp_cluster,,lulc x plain cluster id,
663,lulcXplains_clusters,area,area,,area,
664,lulcXplains_clusters,clust_name,clust_name,,cluster name ,
665,lulcXplains_clusters,forest,forest,,trees area percent,
666,lulcXplains_clusters,shrubs_scrubs,shrubs_scrubs,,shrubs and scrubs area percent,
667,lulcXplains_clusters,terrain_cluster,terrain_cluster,,terrain cluster,
668,lulcXplains_clusters,barren,barren,,barren area percent,
669,lulcXplains_clusters,uid,uid,,unique identifier,
670,lulcXplains_clusters,sing_non_kharif_crop,sing_non_kharif_crop,,single non kharif area percent,
671,lulcXplains_clusters,sing_crop,sing_crop,,single kharif area percent,
672,lulcXplains_clusters,double_crop,double_crop,,double kharif area percent,
673,lulcXplains_clusters,area_in_ha,area_in_ha,,area in hectares,
674,lulcXplains_clusters,id,id,,id,
675,lulcXplains_clusters,system:index,system:index,,,
676,lulcXplains_clusters,triple_crop,triple_crop,,tripple/annual/perennial cropping,
677,terrain_clusters,hill_slopes_area,hill_slopes_area,,hill slopes area percent ,
678,terrain_clusters,uid,uid,,unique identifier,
679,terrain_clusters,slopy_area,slopy_area,,slopy area percent ,
680,terrain_clusters,area_in_ha,area_in_ha,,area in hectares,
681,terrain_clusters,valley_area,valley_area,,valley area,
682,terrain_clusters,id,id,,id,
683,terrain_clusters,plain_area,plain_area,,plain area,
684,terrain_clusters,ridge_area,ridge_area,,ridge area,
685,terrain_clusters,system:index,system:index,,,
686,terrain_clusters,terrainClusters,terrainclusters,,terrain clusters id,
687,tree_health_ccd_vector_2017,uid,uid,,unique identifier,
688,tree_health_ccd_vector_2017,lo_de_2017,lo_de_2017,,low canopy cover density for 2017,
689,tree_health_ccd_vector_2017,hi_de_2017,hi_de_2017,,high canopy cover density for 2017,
690,tree_health_ccd_vector_2017,area_in_ha,area_in_ha,,area in hectares ,
691,tree_health_ccd_vector_2017,sum,sum,,total canopy cover,
692,tree_health_ccd_vector_2017,id,id,,id,
693,tree_health_ccd_vector_2017,mi_da_2017,mi_da_2017,,missing data area in hectares,
694,tree_health_ccd_vector_2017,system:index,system:index,,,
695,tree_health_overall_change_vector,Degradation,degradation,,reduction in tree height or canopy density,
696,tree_health_overall_change_vector,Deforestation,deforestation,,tree cover loss,
697,tree_health_overall_change_vector,uid,uid,,unique identifier,
698,tree_health_overall_change_vector,Improvement,improvement,,improvement in tree height or canopy density,
699,tree_health_overall_change_vector,Missing Data,missing data,,missing data,
700,tree_health_overall_change_vector,No_Change,no_change,,area where tree cover remain stable,
701,tree_health_overall_change_vector,area_in_ha,area_in_ha,,area in hectares,
702,tree_health_overall_change_vector,Partially_Degraded,partially_degraded,,partially degraded,
703,tree_health_overall_change_vector,sum,sum,,total value across all categories,
704,tree_health_overall_change_vector,id,id,,id,
705,tree_health_overall_change_vector,Afforestation,afforestation,,tree cover gain ,
706,tree_health_overall_change_vector,system:index,system:index,,,
707,well_depth_annual,uid,uid,,unique identifier,
708,well_depth_annual,2022_2023,2022_2023,,well depth meters from 2022 July to 2023 June,
709,well_depth_annual,2017_2018,2017_2018,,well depth meters from 2017 July to 2018 June,
710,well_depth_annual,weighted_avg_yeild,weighted_avg_yield,,weighted average yield of aquifer ,
711,well_depth_annual,area_in_ha,area_in_ha,,area in hectares,
712,well_depth_annual,2023_2024,2023_2024,,well depth meters from 2023 July to 2024 June,
713,well_depth_annual,2019_2020,2019_2020,,well depth meters from 2019 July to 2020 June,
714,well_depth_annual,2020_2021,2020_2021,,well depth meters from 2020 July to 2021 June,
715,well_depth_annual,2018_2019,2018_2019,,well depth meters from 2018 July to 2019 June,
716,well_depth_annual,id,id,,id,
717,well_depth_annual,2021_2022,2021_2022,,well depth meters from 2021 July to 2022 June,
718,well_depth_annual,system:index,system:index,,,
719,well_depth_net_value,weighted_avg_yeild,weighted_avg_yield,,weighted average yield of aquifer ,
720,well_depth_net_value,2023_2024,2023_2024,,,
721,well_depth_net_value,Net2019_24,net2019_24,,net value from 2019 to 2024,
722,well_depth_net_value,Net2018_23,net2018_23,,net value from 2018 to 2023,
723,well_depth_net_value,2019_2020,2019_2020,,,
724,well_depth_net_value,2020_2021,2020_2021,,,
725,well_depth_net_value,2018_2019,2018_2019,,,
726,well_depth_net_value,Net2017_22,net2017_22,,net value from 2017 to 2022,
727,well_depth_net_value,uid,uid,,unique identifier,
728,well_depth_net_value,2022_2023,2022_2023,,,
729,well_depth_net_value,2017_2018,2017_2018,,,
730,well_depth_net_value,area_in_ha,area_in_ha,,,
731,well_depth_net_value,id,id,,id,
732,well_depth_net_value,2021_2022,2021_2022,,,
733,well_depth_net_value,system:index,system:index,,,
734,ET_annual,2019-07-01,2019-07-01,,,
735,ET_annual,uid,uid,,,
736,ET_annual,2018-07-01,2018-07-01,,,
737,ET_annual,2023-07-01,2023-07-01,,,
738,ET_annual,2021-07-01,2021-07-01,,,
739,ET_annual,area_in_ha,area_in_ha,,,
740,ET_annual,2017-07-01,2017-07-01,,,
741,ET_annual,id,id,,,
742,ET_annual,2020-07-01,2020-07-01,,,
743,ET_annual,system:index,system:index,,,
744,ET_annual,2022-07-01,2022-07-01,,,
745,ET_fortnight,2020-02-24,2020-02-24,,,
746,ET_fortnight,2020-05-18,2020-05-18,,,
747,ET_fortnight,2020-11-18,2020-11-18,,,
748,ET_fortnight,2024-01-13,2024-01-13,,,
749,ET_fortnight,2024-04-06,2024-04-06,,,
750,ET_fortnight,2019-04-21,2019-04-21,,,
751,ET_fortnight,2021-10-21,2021-10-21,,,
752,ET_fortnight,2019-07-15,2019-07-15,,,
753,ET_fortnight,2023-02-24,2023-02-24,,,
754,ET_fortnight,2022-09-09,2022-09-09,,,
755,ET_fortnight,2022-03-24,2022-03-24,,,
756,ET_fortnight,2017-09-23,2017-09-23,,,
757,ET_fortnight,2019-10-21,2019-10-21,,,
758,ET_fortnight,2023-11-04,2023-11-04,,,
759,ET_fortnight,2017-07-01,2017-07-01,,,
760,ET_fortnight,2021-07-15,2021-07-15,,,
761,ET_fortnight,2022-06-16,2022-06-16,,,
762,ET_fortnight,id,id,,,
763,ET_fortnight,2017-10-07,2017-10-07,,,
764,ET_fortnight,2021-04-07,2021-04-07,,,
765,ET_fortnight,2021-01-13,2021-01-13,,,
766,ET_fortnight,2018-05-19,2018-05-19,,,
767,ET_fortnight,2020-11-04,2020-11-04,,,
768,ET_fortnight,2018-02-24,2018-02-24,,,
769,ET_fortnight,2019-02-10,2019-02-10,,,
770,ET_fortnight,2022-12-02,2022-12-02,,,
771,ET_fortnight,2020-08-12,2020-08-12,,,
772,ET_fortnight,2023-05-19,2023-05-19,,,
773,ET_fortnight,2017-12-30,2017-12-30,,,
774,ET_fortnight,2018-08-12,2018-08-12,,,
775,ET_fortnight,2019-05-05,2019-05-05,,,
776,ET_fortnight,2023-08-12,2023-08-12,,,
777,ET_fortnight,2019-07-29,2019-07-29,,,
778,ET_fortnight,2019-11-04,2019-11-04,,,
779,ET_fortnight,2018-11-18,2018-11-18,,,
780,ET_fortnight,2021-07-29,2021-07-29,,,
781,ET_fortnight,2022-06-02,2022-06-02,,,
782,ET_fortnight,2021-05-05,2021-05-05,,,
783,ET_fortnight,2022-08-26,2022-08-26,,,
784,ET_fortnight,2022-03-10,2022-03-10,,,
785,ET_fortnight,2023-11-18,2023-11-18,,,
786,ET_fortnight,2020-07-15,2020-07-15,,,
787,ET_fortnight,2021-02-10,2021-02-10,,,
788,ET_fortnight,2017-08-26,2017-08-26,,,
789,ET_fortnight,2022-04-07,2022-04-07,,,
790,ET_fortnight,2018-09-09,2018-09-09,,,
791,ET_fortnight,2019-02-24,2019-02-24,,,
792,ET_fortnight,2022-12-30,2022-12-30,,,
793,ET_fortnight,2021-12-16,2021-12-16,,,
794,ET_fortnight,2024-03-23,2024-03-23,,,
795,ET_fortnight,2018-03-24,2018-03-24,,,
796,ET_fortnight,2019-08-12,2019-08-12,,,
797,ET_fortnight,2024-06-15,2024-06-15,,,
798,ET_fortnight,2018-06-16,2018-06-16,,,
799,ET_fortnight,2020-04-20,2020-04-20,,,
800,ET_fortnight,2019-11-18,2019-11-18,,,
801,ET_fortnight,2023-03-10,2023-03-10,,,
802,ET_fortnight,uid,uid,,,
803,ET_fortnight,2017-12-02,2017-12-02,,,
804,ET_fortnight,2022-10-07,2022-10-07,,,
805,ET_fortnight,2023-08-26,2023-08-26,,,
806,ET_fortnight,area_in_ha,area_in_ha,,,
807,ET_fortnight,2023-06-02,2023-06-02,,,
808,ET_fortnight,2020-01-27,2020-01-27,,,
809,ET_fortnight,2019-05-19,2019-05-19,,,
810,ET_fortnight,2018-12-16,2018-12-16,,,
811,ET_fortnight,2022-09-23,2022-09-23,,,
812,ET_fortnight,2022-07-01,2022-07-01,,,
813,ET_fortnight,2020-02-10,2020-02-10,,,
814,ET_fortnight,2020-05-04,2020-05-04,,,
815,ET_fortnight,2017-09-09,2017-09-09,,,
816,ET_fortnight,2020-07-29,2020-07-29,,,
817,ET_fortnight,2021-04-21,2021-04-21,,,
818,ET_fortnight,2018-03-10,2018-03-10,,,
819,ET_fortnight,2024-06-01,2024-06-01,,,
820,ET_fortnight,2021-10-07,2021-10-07,,,
821,ET_fortnight,2018-06-02,2018-06-02,,,
822,ET_fortnight,2018-08-26,2018-08-26,,,
823,ET_fortnight,2018-12-02,2018-12-02,,,
824,ET_fortnight,2022-12-16,2022-12-16,,,
825,ET_fortnight,2023-09-09,2023-09-09,,,
826,ET_fortnight,2023-06-16,2023-06-16,,,
827,ET_fortnight,2021-12-30,2021-12-30,,,
828,ET_fortnight,2024-03-09,2024-03-09,,,
829,ET_fortnight,2023-03-24,2023-03-24,,,
830,ET_fortnight,2021-07-01,2021-07-01,,,
831,ET_fortnight,2021-09-23,2021-09-23,,,
832,ET_fortnight,2017-12-16,2017-12-16,,,
833,ET_fortnight,2020-10-21,2020-10-21,,,
834,ET_fortnight,2023-12-02,2023-12-02,,,
835,ET_fortnight,2022-01-13,2022-01-13,,,
836,ET_fortnight,system:index,system:index,,,
837,ET_fortnight,2021-01-27,2021-01-27,,,
838,ET_fortnight,2018-01-27,2018-01-27,,,
839,ET_fortnight,2020-10-07,2020-10-07,,,
840,ET_fortnight,2020-01-13,2020-01-13,,,
841,ET_fortnight,2020-04-06,2020-04-06,,,
842,ET_fortnight,2019-08-26,2019-08-26,,,
843,ET_fortnight,2024-05-18,2024-05-18,,,
844,ET_fortnight,2024-02-24,2024-02-24,,,
845,ET_fortnight,2019-03-10,2019-03-10,,,
846,ET_fortnight,2019-06-02,2019-06-02,,,
847,ET_fortnight,2021-12-02,2021-12-02,,,
848,ET_fortnight,2018-12-30,2018-12-30,,,
849,ET_fortnight,2017-08-12,2017-08-12,,,
850,ET_fortnight,2021-08-26,2021-08-26,,,
851,ET_fortnight,2022-05-05,2022-05-05,,,
852,ET_fortnight,2021-06-02,2021-06-02,,,
853,ET_fortnight,2022-07-29,2022-07-29,,,
854,ET_fortnight,2019-12-02,2019-12-02,,,
855,ET_fortnight,2023-12-16,2023-12-16,,,
856,ET_fortnight,2017-11-18,2017-11-18,,,
857,ET_fortnight,2020-12-30,2020-12-30,,,
858,ET_fortnight,2022-02-10,2022-02-10,,,
859,ET_fortnight,2018-04-07,2018-04-07,,,
860,ET_fortnight,2023-12-30,2023-12-30,,,
861,ET_fortnight,2021-02-24,2021-02-24,,,
862,ET_fortnight,2020-12-16,2020-12-16,,,
863,ET_fortnight,2022-01-27,2022-01-27,,,
864,ET_fortnight,2023-01-13,2023-01-13,,,
865,ET_fortnight,2020-07-01,2020-07-01,,,
866,ET_fortnight,2022-10-21,2022-10-21,,,
867,ET_fortnight,2018-01-13,2018-01-13,,,
868,ET_fortnight,2023-04-07,2023-04-07,,,
869,ET_fortnight,2020-09-23,2020-09-23,,,
870,ET_fortnight,2018-09-23,2018-09-23,,,
871,ET_fortnight,2018-07-01,2018-07-01,,,
872,ET_fortnight,2019-06-16,2019-06-16,,,
873,ET_fortnight,2019-09-09,2019-09-09,,,
874,ET_fortnight,2023-07-01,2023-07-01,,,
875,ET_fortnight,2019-03-24,2019-03-24,,,
876,ET_fortnight,2019-12-16,2019-12-16,,,
877,ET_fortnight,2023-09-23,2023-09-23,,,
878,ET_fortnight,2018-10-07,2018-10-07,,,
879,ET_fortnight,2021-06-16,2021-06-16,,,
880,ET_fortnight,2022-07-15,2022-07-15,,,
881,ET_fortnight,2021-09-09,2021-09-09,,,
882,ET_fortnight,2022-04-21,2022-04-21,,,
883,ET_fortnight,2023-10-07,2023-10-07,,,
884,ET_fortnight,2020-08-26,2020-08-26,,,
885,ET_fortnight,2021-03-24,2021-03-24,,,
886,ET_fortnight,2017-07-15,2017-07-15,,,
887,ET_fortnight,2022-05-19,2022-05-19,,,
888,ET_fortnight,2023-10-21,2023-10-21,,,
889,ET_fortnight,2019-01-13,2019-01-13,,,
890,ET_fortnight,2023-01-27,2023-01-27,,,
891,ET_fortnight,2018-02-10,2018-02-10,,,
892,ET_fortnight,2019-09-23,2019-09-23,,,
893,ET_fortnight,2024-02-10,2024-02-10,,,
894,ET_fortnight,2020-06-01,2020-06-01,,,
895,ET_fortnight,2021-11-04,2021-11-04,,,
896,ET_fortnight,2024-05-04,2024-05-04,,,
897,ET_fortnight,2018-07-29,2018-07-29,,,
898,ET_fortnight,2018-05-05,2018-05-05,,,
899,ET_fortnight,2022-08-12,2022-08-12,,,
900,ET_fortnight,2023-07-15,2023-07-15,,,
901,ET_fortnight,2019-10-07,2019-10-07,,,
902,ET_fortnight,2017-10-21,2017-10-21,,,
903,ET_fortnight,2023-04-21,2023-04-21,,,
904,ET_fortnight,2022-11-18,2022-11-18,,,
905,ET_fortnight,2019-04-07,2019-04-07,,,
906,ET_fortnight,2020-03-09,2020-03-09,,,
907,ET_fortnight,2018-11-04,2018-11-04,,,
908,ET_fortnight,2020-06-15,2020-06-15,,,
909,ET_fortnight,2021-05-19,2021-05-19,,,
910,ET_fortnight,2017-07-29,2017-07-29,,,
911,ET_fortnight,2020-03-23,2020-03-23,,,
912,ET_fortnight,2019-01-27,2019-01-27,,,
913,ET_fortnight,2021-03-10,2021-03-10,,,
914,ET_fortnight,2020-09-09,2020-09-09,,,
915,ET_fortnight,2021-11-18,2021-11-18,,,
916,ET_fortnight,2024-04-20,2024-04-20,,,
917,ET_fortnight,2018-07-15,2018-07-15,,,
918,ET_fortnight,2018-04-21,2018-04-21,,,
919,ET_fortnight,2022-11-04,2022-11-04,,,
920,ET_fortnight,2019-07-01,2019-07-01,,,
921,ET_fortnight,2023-07-29,2023-07-29,,,
922,ET_fortnight,2018-10-21,2018-10-21,,,
923,ET_fortnight,2023-05-05,2023-05-05,,,
924,ET_fortnight,2024-01-27,2024-01-27,,,
925,ET_fortnight,2021-08-12,2021-08-12,,,
926,ET_fortnight,2023-02-10,2023-02-10,,,
927,ET_fortnight,2017-11-04,2017-11-04,,,
928,ET_fortnight,2020-12-02,2020-12-02,,,
929,ET_fortnight,2022-02-24,2022-02-24,,,
930,ET_fortnight,2019-12-30,2019-12-30,,,
931,Runoff_annual,2019-07-01,2019-07-01,,,
932,Runoff_annual,uid,uid,,,
933,Runoff_annual,2018-07-01,2018-07-01,,,
934,Runoff_annual,2023-07-01,2023-07-01,,,
935,Runoff_annual,2021-07-01,2021-07-01,,,
936,Runoff_annual,area_in_ha,area_in_ha,,area in hectares,
937,Runoff_annual,2017-07-01,2017-07-01,,,
938,Runoff_annual,id,id,,id,
939,Runoff_annual,2020-07-01,2020-07-01,,,
940,Runoff_annual,system:index,system:index,,,
941,Runoff_annual,2022-07-01,2022-07-01,,,
942,Runoff_fortnight,2020-02-24,2020-02-24,,,
943,Runoff_fortnight,2020-05-18,2020-05-18,,,
944,Runoff_fortnight,2020-11-18,2020-11-18,,,
945,Runoff_fortnight,2024-01-13,2024-01-13,,,
946,Runoff_fortnight,2024-04-06,2024-04-06,,,
947,Runoff_fortnight,2019-04-21,2019-04-21,,,
948,Runoff_fortnight,2021-10-21,2021-10-21,,,
949,Runoff_fortnight,2019-07-15,2019-07-15,,,
950,Runoff_fortnight,2023-02-24,2023-02-24,,,
951,Runoff_fortnight,2022-09-09,2022-09-09,,,
952,Runoff_fortnight,2022-03-24,2022-03-24,,,
953,Runoff_fortnight,2017-09-23,2017-09-23,,,
954,Runoff_fortnight,2019-10-21,2019-10-21,,,
955,Runoff_fortnight,2023-11-04,2023-11-04,,,
956,Runoff_fortnight,2017-07-01,2017-07-01,,,
957,Runoff_fortnight,2021-07-15,2021-07-15,,,
958,Runoff_fortnight,2022-06-16,2022-06-16,,,
959,Runoff_fortnight,id,id,,id,
960,Runoff_fortnight,2017-10-07,2017-10-07,,,
961,Runoff_fortnight,2021-04-07,2021-04-07,,,
962,Runoff_fortnight,2021-01-13,2021-01-13,,,
963,Runoff_fortnight,2018-05-19,2018-05-19,,,
964,Runoff_fortnight,2020-11-04,2020-11-04,,,
965,Runoff_fortnight,2018-02-24,2018-02-24,,,
966,Runoff_fortnight,2019-02-10,2019-02-10,,,
967,Runoff_fortnight,2022-12-02,2022-12-02,,,
968,Runoff_fortnight,2020-08-12,2020-08-12,,,
969,Runoff_fortnight,2023-05-19,2023-05-19,,,
970,Runoff_fortnight,2017-12-30,2017-12-30,,,
971,Runoff_fortnight,2018-08-12,2018-08-12,,,
972,Runoff_fortnight,2019-05-05,2019-05-05,,,
973,Runoff_fortnight,2023-08-12,2023-08-12,,,
974,Runoff_fortnight,2019-07-29,2019-07-29,,,
975,Runoff_fortnight,2019-11-04,2019-11-04,,,
976,Runoff_fortnight,2018-11-18,2018-11-18,,,
977,Runoff_fortnight,2021-07-29,2021-07-29,,,
978,Runoff_fortnight,2022-06-02,2022-06-02,,,
979,Runoff_fortnight,2021-05-05,2021-05-05,,,
980,Runoff_fortnight,2022-08-26,2022-08-26,,,
981,Runoff_fortnight,2022-03-10,2022-03-10,,,
982,Runoff_fortnight,2023-11-18,2023-11-18,,,
983,Runoff_fortnight,2020-07-15,2020-07-15,,,
984,Runoff_fortnight,2021-02-10,2021-02-10,,,
985,Runoff_fortnight,2017-08-26,2017-08-26,,,
986,Runoff_fortnight,2022-04-07,2022-04-07,,,
987,Runoff_fortnight,2018-09-09,2018-09-09,,,
988,Runoff_fortnight,2019-02-24,2019-02-24,,,
989,Runoff_fortnight,2022-12-30,2022-12-30,,,
990,Runoff_fortnight,2021-12-16,2021-12-16,,,
991,Runoff_fortnight,2024-03-23,2024-03-23,,,
992,Runoff_fortnight,2018-03-24,2018-03-24,,,
993,Runoff_fortnight,2019-08-12,2019-08-12,,,
994,Runoff_fortnight,2024-06-15,2024-06-15,,,
995,Runoff_fortnight,2018-06-16,2018-06-16,,,
996,Runoff_fortnight,2020-04-20,2020-04-20,,,
997,Runoff_fortnight,2019-11-18,2019-11-18,,,
998,Runoff_fortnight,2023-03-10,2023-03-10,,,
999,Runoff_fortnight,uid,uid,,,
1000,Runoff_fortnight,2017-12-02,2017-12-02,,,
1001,Runoff_fortnight,2022-10-07,2022-10-07,,,
1002,Runoff_fortnight,2023-08-26,2023-08-26,,,
1003,Runoff_fortnight,2023-06-02,2023-06-02,,,
1004,Runoff_fortnight,area_in_ha,area_in_ha,,area in hectares,
1005,Runoff_fortnight,2020-01-27,2020-01-27,,,
1006,Runoff_fortnight,2019-05-19,2019-05-19,,,
1007,Runoff_fortnight,2018-12-16,2018-12-16,,,
1008,Runoff_fortnight,2022-09-23,2022-09-23,,,
1009,Runoff_fortnight,2022-07-01,2022-07-01,,,
1010,Runoff_fortnight,2020-02-10,2020-02-10,,,
1011,Runoff_fortnight,2020-05-04,2020-05-04,,,
1012,Runoff_fortnight,2017-09-09,2017-09-09,,,
1013,Runoff_fortnight,2020-07-29,2020-07-29,,,
1014,Runoff_fortnight,2021-04-21,2021-04-21,,,
1015,Runoff_fortnight,2018-03-10,2018-03-10,,,
1016,Runoff_fortnight,2024-06-01,2024-06-01,,,
1017,Runoff_fortnight,2021-10-07,2021-10-07,,,
1018,Runoff_fortnight,2018-06-02,2018-06-02,,,
1019,Runoff_fortnight,2018-08-26,2018-08-26,,,
1020,Runoff_fortnight,2018-12-02,2018-12-02,,,
1021,Runoff_fortnight,2022-12-16,2022-12-16,,,
1022,Runoff_fortnight,2023-09-09,2023-09-09,,,
1023,Runoff_fortnight,2023-06-16,2023-06-16,,,
1024,Runoff_fortnight,2021-12-30,2021-12-30,,,
1025,Runoff_fortnight,2024-03-09,2024-03-09,,,
1026,Runoff_fortnight,2023-03-24,2023-03-24,,,
1027,Runoff_fortnight,2021-07-01,2021-07-01,,,
1028,Runoff_fortnight,2021-09-23,2021-09-23,,,
1029,Runoff_fortnight,2017-12-16,2017-12-16,,,
1030,Runoff_fortnight,2020-10-21,2020-10-21,,,
1031,Runoff_fortnight,2023-12-02,2023-12-02,,,
1032,Runoff_fortnight,2022-01-13,2022-01-13,,,
1033,Runoff_fortnight,system:index,system:index,,,
1034,Runoff_fortnight,2021-01-27,2021-01-27,,,
1035,Runoff_fortnight,2018-01-27,2018-01-27,,,
1036,Runoff_fortnight,2020-10-07,2020-10-07,,,
1037,Runoff_fortnight,2020-01-13,2020-01-13,,,
1038,Runoff_fortnight,2020-04-06,2020-04-06,,,
1039,Runoff_fortnight,2019-08-26,2019-08-26,,,
1040,Runoff_fortnight,2024-05-18,2024-05-18,,,
1041,Runoff_fortnight,2024-02-24,2024-02-24,,,
1042,Runoff_fortnight,2019-03-10,2019-03-10,,,
1043,Runoff_fortnight,2019-06-02,2019-06-02,,,
1044,Runoff_fortnight,2021-12-02,2021-12-02,,,
1045,Runoff_fortnight,2018-12-30,2018-12-30,,,
1046,Runoff_fortnight,2017-08-12,2017-08-12,,,
1047,Runoff_fortnight,2021-08-26,2021-08-26,,,
1048,Runoff_fortnight,2022-05-05,2022-05-05,,,
1049,Runoff_fortnight,2021-06-02,2021-06-02,,,
1050,Runoff_fortnight,2022-07-29,2022-07-29,,,
1051,Runoff_fortnight,2019-12-02,2019-12-02,,,
1052,Runoff_fortnight,2023-12-16,2023-12-16,,,
1053,Runoff_fortnight,2017-11-18,2017-11-18,,,
1054,Runoff_fortnight,2020-12-30,2020-12-30,,,
1055,Runoff_fortnight,2022-02-10,2022-02-10,,,
1056,Runoff_fortnight,2018-04-07,2018-04-07,,,
1057,Runoff_fortnight,2023-12-30,2023-12-30,,,
1058,Runoff_fortnight,2021-02-24,2021-02-24,,,
1059,Runoff_fortnight,2020-12-16,2020-12-16,,,
1060,Runoff_fortnight,2022-01-27,2022-01-27,,,
1061,Runoff_fortnight,2023-01-13,2023-01-13,,,
1062,Runoff_fortnight,2020-07-01,2020-07-01,,,
1063,Runoff_fortnight,2022-10-21,2022-10-21,,,
1064,Runoff_fortnight,2018-01-13,2018-01-13,,,
1065,Runoff_fortnight,2023-04-07,2023-04-07,,,
1066,Runoff_fortnight,2020-09-23,2020-09-23,,,
1067,Runoff_fortnight,2018-09-23,2018-09-23,,,
1068,Runoff_fortnight,2018-07-01,2018-07-01,,,
1069,Runoff_fortnight,2019-06-16,2019-06-16,,,
1070,Runoff_fortnight,2019-09-09,2019-09-09,,,
1071,Runoff_fortnight,2023-07-01,2023-07-01,,,
1072,Runoff_fortnight,2019-03-24,2019-03-24,,,
1073,Runoff_fortnight,2019-12-16,2019-12-16,,,
1074,Runoff_fortnight,2023-09-23,2023-09-23,,,
1075,Runoff_fortnight,2018-10-07,2018-10-07,,,
1076,Runoff_fortnight,2021-06-16,2021-06-16,,,
1077,Runoff_fortnight,2022-07-15,2022-07-15,,,
1078,Runoff_fortnight,2021-09-09,2021-09-09,,,
1079,Runoff_fortnight,2022-04-21,2022-04-21,,,
1080,Runoff_fortnight,2023-10-07,2023-10-07,,,
1081,Runoff_fortnight,2020-08-26,2020-08-26,,,
1082,Runoff_fortnight,2021-03-24,2021-03-24,,,
1083,Runoff_fortnight,2017-07-15,2017-07-15,,,
1084,Runoff_fortnight,2022-05-19,2022-05-19,,,
1085,Runoff_fortnight,2023-10-21,2023-10-21,,,
1086,Runoff_fortnight,2019-01-13,2019-01-13,,,
1087,Runoff_fortnight,2023-01-27,2023-01-27,,,
1088,Runoff_fortnight,2018-02-10,2018-02-10,,,
1089,Runoff_fortnight,2019-09-23,2019-09-23,,,
1090,Runoff_fortnight,2024-02-10,2024-02-10,,,
1091,Runoff_fortnight,2020-06-01,2020-06-01,,,
1092,Runoff_fortnight,2021-11-04,2021-11-04,,,
1093,Runoff_fortnight,2024-05-04,2024-05-04,,,
1094,Runoff_fortnight,2018-07-29,2018-07-29,,,
1095,Runoff_fortnight,2018-05-05,2018-05-05,,,
1096,Runoff_fortnight,2022-08-12,2022-08-12,,,
1097,Runoff_fortnight,2023-07-15,2023-07-15,,,
1098,Runoff_fortnight,2019-10-07,2019-10-07,,,
1099,Runoff_fortnight,2017-10-21,2017-10-21,,,
1100,Runoff_fortnight,2023-04-21,2023-04-21,,,
1101,Runoff_fortnight,2022-11-18,2022-11-18,,,
1102,Runoff_fortnight,2019-04-07,2019-04-07,,,
1103,Runoff_fortnight,2020-03-09,2020-03-09,,,
1104,Runoff_fortnight,2018-11-04,2018-11-04,,,
1105,Runoff_fortnight,2020-06-15,2020-06-15,,,
1106,Runoff_fortnight,2021-05-19,2021-05-19,,,
1107,Runoff_fortnight,2017-07-29,2017-07-29,,,
1108,Runoff_fortnight,2020-03-23,2020-03-23,,,
1109,Runoff_fortnight,2019-01-27,2019-01-27,,,
1110,Runoff_fortnight,2021-03-10,2021-03-10,,,
1111,Runoff_fortnight,2020-09-09,2020-09-09,,,
1112,Runoff_fortnight,2021-11-18,2021-11-18,,,
1113,Runoff_fortnight,2024-04-20,2024-04-20,,,
1114,Runoff_fortnight,2018-07-15,2018-07-15,,,
1115,Runoff_fortnight,2018-04-21,2018-04-21,,,
1116,Runoff_fortnight,2022-11-04,2022-11-04,,,
1117,Runoff_fortnight,2019-07-01,2019-07-01,,,
1118,Runoff_fortnight,2023-07-29,2023-07-29,,,
1119,Runoff_fortnight,2018-10-21,2018-10-21,,,
1120,Runoff_fortnight,2023-05-05,2023-05-05,,,
1121,Runoff_fortnight,2024-01-27,2024-01-27,,,
1122,Runoff_fortnight,2021-08-12,2021-08-12,,,
1123,Runoff_fortnight,2023-02-10,2023-02-10,,,
1124,Runoff_fortnight,2017-11-04,2017-11-04,,,
1125,Runoff_fortnight,2020-12-02,2020-12-02,,,
1126,Runoff_fortnight,2022-02-24,2022-02-24,,,
1127,Runoff_fortnight,2019-12-30,2019-12-30,,,
1128,Prec_annual,2019-07-01,2019-07-01,,,
1129,Prec_annual,uid,uid,,,
1130,Prec_annual,2018-07-01,2018-07-01,,,
1131,Prec_annual,2023-07-01,2023-07-01,,,
1132,Prec_annual,2021-07-01,2021-07-01,,,
1133,Prec_annual,area_in_ha,area_in_ha,,area in hectares,
1134,Prec_annual,2017-07-01,2017-07-01,,,
1135,Prec_annual,id,id,,id,
1136,Prec_annual,2020-07-01,2020-07-01,,,
1137,Prec_annual,system:index,system:index,,,
1138,Prec_annual,2022-07-01,2022-07-01,,,
1139,Prec_fortnight,2020-02-24,2020-02-24,,,
1140,Prec_fortnight,2020-05-18,2020-05-18,,,
1141,Prec_fortnight,2020-11-18,2020-11-18,,,
1142,Prec_fortnight,2024-01-13,2024-01-13,,,
1143,Prec_fortnight,2024-04-06,2024-04-06,,,
1144,Prec_fortnight,2019-04-21,2019-04-21,,,
1145,Prec_fortnight,2021-10-21,2021-10-21,,,
1146,Prec_fortnight,2019-07-15,2019-07-15,,,
1147,Prec_fortnight,2023-02-24,2023-02-24,,,
1148,Prec_fortnight,2022-09-09,2022-09-09,,,
1149,Prec_fortnight,2022-03-24,2022-03-24,,,
1150,Prec_fortnight,2017-09-23,2017-09-23,,,
1151,Prec_fortnight,2019-10-21,2019-10-21,,,
1152,Prec_fortnight,2023-11-04,2023-11-04,,,
1153,Prec_fortnight,2017-07-01,2017-07-01,,,
1154,Prec_fortnight,2021-07-15,2021-07-15,,,
1155,Prec_fortnight,2022-06-16,2022-06-16,,,
1156,Prec_fortnight,id,id,,id,
1157,Prec_fortnight,2017-10-07,2017-10-07,,,
1158,Prec_fortnight,2021-04-07,2021-04-07,,,
1159,Prec_fortnight,2021-01-13,2021-01-13,,,
1160,Prec_fortnight,2018-05-19,2018-05-19,,,
1161,Prec_fortnight,2020-11-04,2020-11-04,,,
1162,Prec_fortnight,2018-02-24,2018-02-24,,,
1163,Prec_fortnight,2019-02-10,2019-02-10,,,
1164,Prec_fortnight,2022-12-02,2022-12-02,,,
1165,Prec_fortnight,2020-08-12,2020-08-12,,,
1166,Prec_fortnight,2023-05-19,2023-05-19,,,
1167,Prec_fortnight,2017-12-30,2017-12-30,,,
1168,Prec_fortnight,2018-08-12,2018-08-12,,,
1169,Prec_fortnight,2019-05-05,2019-05-05,,,
1170,Prec_fortnight,2023-08-12,2023-08-12,,,
1171,Prec_fortnight,2019-07-29,2019-07-29,,,
1172,Prec_fortnight,2019-11-04,2019-11-04,,,
1173,Prec_fortnight,2018-11-18,2018-11-18,,,
1174,Prec_fortnight,2021-07-29,2021-07-29,,,
1175,Prec_fortnight,2022-06-02,2022-06-02,,,
1176,Prec_fortnight,2021-05-05,2021-05-05,,,
1177,Prec_fortnight,2022-08-26,2022-08-26,,,
1178,Prec_fortnight,2022-03-10,2022-03-10,,,
1179,Prec_fortnight,2023-11-18,2023-11-18,,,
1180,Prec_fortnight,2020-07-15,2020-07-15,,,
1181,Prec_fortnight,2021-02-10,2021-02-10,,,
1182,Prec_fortnight,2017-08-26,2017-08-26,,,
1183,Prec_fortnight,2022-04-07,2022-04-07,,,
1184,Prec_fortnight,2018-09-09,2018-09-09,,,
1185,Prec_fortnight,2019-02-24,2019-02-24,,,
1186,Prec_fortnight,2022-12-30,2022-12-30,,,
1187,Prec_fortnight,2021-12-16,2021-12-16,,,
1188,Prec_fortnight,2024-03-23,2024-03-23,,,
1189,Prec_fortnight,2018-03-24,2018-03-24,,,
1190,Prec_fortnight,2019-08-12,2019-08-12,,,
1191,Prec_fortnight,2024-06-15,2024-06-15,,,
1192,Prec_fortnight,2018-06-16,2018-06-16,,,
1193,Prec_fortnight,2020-04-20,2020-04-20,,,
1194,Prec_fortnight,2019-11-18,2019-11-18,,,
1195,Prec_fortnight,2023-03-10,2023-03-10,,,
1196,Prec_fortnight,uid,uid,,,
1197,Prec_fortnight,2017-12-02,2017-12-02,,,
1198,Prec_fortnight,2022-10-07,2022-10-07,,,
1199,Prec_fortnight,2023-08-26,2023-08-26,,,
1200,Prec_fortnight,2023-06-02,2023-06-02,,,
1201,Prec_fortnight,area_in_ha,area_in_ha,,,
1202,Prec_fortnight,2020-01-27,2020-01-27,,,
1203,Prec_fortnight,2019-05-19,2019-05-19,,,
1204,Prec_fortnight,2018-12-16,2018-12-16,,,
1205,Prec_fortnight,2022-09-23,2022-09-23,,,
1206,Prec_fortnight,2022-07-01,2022-07-01,,,
1207,Prec_fortnight,2020-02-10,2020-02-10,,,
1208,Prec_fortnight,2020-05-04,2020-05-04,,,
1209,Prec_fortnight,2017-09-09,2017-09-09,,,
1210,Prec_fortnight,2020-07-29,2020-07-29,,,
1211,Prec_fortnight,2021-04-21,2021-04-21,,,
1212,Prec_fortnight,2018-03-10,2018-03-10,,,
1213,Prec_fortnight,2024-06-01,2024-06-01,,,
1214,Prec_fortnight,2021-10-07,2021-10-07,,,
1215,Prec_fortnight,2018-06-02,2018-06-02,,,
1216,Prec_fortnight,2018-08-26,2018-08-26,,,
1217,Prec_fortnight,2018-12-02,2018-12-02,,,
1218,Prec_fortnight,2022-12-16,2022-12-16,,,
1219,Prec_fortnight,2023-09-09,2023-09-09,,,
1220,Prec_fortnight,2023-06-16,2023-06-16,,,
1221,Prec_fortnight,2021-12-30,2021-12-30,,,
1222,Prec_fortnight,2024-03-09,2024-03-09,,,
1223,Prec_fortnight,2023-03-24,2023-03-24,,,
1224,Prec_fortnight,2021-07-01,2021-07-01,,,
1225,Prec_fortnight,2021-09-23,2021-09-23,,,
1226,Prec_fortnight,2017-12-16,2017-12-16,,,
1227,Prec_fortnight,2020-10-21,2020-10-21,,,
1228,Prec_fortnight,2023-12-02,2023-12-02,,,
1229,Prec_fortnight,2022-01-13,2022-01-13,,,
1230,Prec_fortnight,system:index,system:index,,,
1231,Prec_fortnight,2021-01-27,2021-01-27,,,
1232,Prec_fortnight,2018-01-27,2018-01-27,,,
1233,Prec_fortnight,2020-10-07,2020-10-07,,,
1234,Prec_fortnight,2020-01-13,2020-01-13,,,
1235,Prec_fortnight,2020-04-06,2020-04-06,,,
1236,Prec_fortnight,2019-08-26,2019-08-26,,,
1237,Prec_fortnight,2024-05-18,2024-05-18,,,
1238,Prec_fortnight,2024-02-24,2024-02-24,,,
1239,Prec_fortnight,2019-03-10,2019-03-10,,,
1240,Prec_fortnight,2019-06-02,2019-06-02,,,
1241,Prec_fortnight,2021-12-02,2021-12-02,,,
1242,Prec_fortnight,2018-12-30,2018-12-30,,,
1243,Prec_fortnight,2017-08-12,2017-08-12,,,
1244,Prec_fortnight,2021-08-26,2021-08-26,,,
1245,Prec_fortnight,2022-05-05,2022-05-05,,,
1246,Prec_fortnight,2021-06-02,2021-06-02,,,
1247,Prec_fortnight,2022-07-29,2022-07-29,,,
1248,Prec_fortnight,2019-12-02,2019-12-02,,,
1249,Prec_fortnight,2023-12-16,2023-12-16,,,
1250,Prec_fortnight,2017-11-18,2017-11-18,,,
1251,Prec_fortnight,2020-12-30,2020-12-30,,,
1252,Prec_fortnight,2022-02-10,2022-02-10,,,
1253,Prec_fortnight,2018-04-07,2018-04-07,,,
1254,Prec_fortnight,2023-12-30,2023-12-30,,,
1255,Prec_fortnight,2021-02-24,2021-02-24,,,
1256,Prec_fortnight,2020-12-16,2020-12-16,,,
1257,Prec_fortnight,2022-01-27,2022-01-27,,,
1258,Prec_fortnight,2023-01-13,2023-01-13,,,
1259,Prec_fortnight,2020-07-01,2020-07-01,,,
1260,Prec_fortnight,2022-10-21,2022-10-21,,,
1261,Prec_fortnight,2018-01-13,2018-01-13,,,
1262,Prec_fortnight,2023-04-07,2023-04-07,,,
1263,Prec_fortnight,2020-09-23,2020-09-23,,,
1264,Prec_fortnight,2018-09-23,2018-09-23,,,
1265,Prec_fortnight,2018-07-01,2018-07-01,,,
1266,Prec_fortnight,2019-06-16,2019-06-16,,,
1267,Prec_fortnight,2019-09-09,2019-09-09,,,
1268,Prec_fortnight,2023-07-01,2023-07-01,,,
1269,Prec_fortnight,2019-03-24,2019-03-24,,,
1270,Prec_fortnight,2019-12-16,2019-12-16,,,
1271,Prec_fortnight,2023-09-23,2023-09-23,,,
1272,Prec_fortnight,2018-10-07,2018-10-07,,,
1273,Prec_fortnight,2021-06-16,2021-06-16,,,
1274,Prec_fortnight,2022-07-15,2022-07-15,,,
1275,Prec_fortnight,2021-09-09,2021-09-09,,,
1276,Prec_fortnight,2022-04-21,2022-04-21,,,
1277,Prec_fortnight,2023-10-07,2023-10-07,,,
1278,Prec_fortnight,2020-08-26,2020-08-26,,,
1279,Prec_fortnight,2021-03-24,2021-03-24,,,
1280,Prec_fortnight,2017-07-15,2017-07-15,,,
1281,Prec_fortnight,2022-05-19,2022-05-19,,,
1282,Prec_fortnight,2023-10-21,2023-10-21,,,
1283,Prec_fortnight,2019-01-13,2019-01-13,,,
1284,Prec_fortnight,2023-01-27,2023-01-27,,,
1285,Prec_fortnight,2018-02-10,2018-02-10,,,
1286,Prec_fortnight,2019-09-23,2019-09-23,,,
1287,Prec_fortnight,2024-02-10,2024-02-10,,,
1288,Prec_fortnight,2020-06-01,2020-06-01,,,
1289,Prec_fortnight,2021-11-04,2021-11-04,,,
1290,Prec_fortnight,2024-05-04,2024-05-04,,,
1291,Prec_fortnight,2018-07-29,2018-07-29,,,
1292,Prec_fortnight,2018-05-05,2018-05-05,,,
1293,Prec_fortnight,2022-08-12,2022-08-12,,,
1294,Prec_fortnight,2023-07-15,2023-07-15,,,
1295,Prec_fortnight,2019-10-07,2019-10-07,,,
1296,Prec_fortnight,2017-10-21,2017-10-21,,,
1297,Prec_fortnight,2023-04-21,2023-04-21,,,
1298,Prec_fortnight,2022-11-18,2022-11-18,,,
1299,Prec_fortnight,2019-04-07,2019-04-07,,,
1300,Prec_fortnight,2020-03-09,2020-03-09,,,
1301,Prec_fortnight,2018-11-04,2018-11-04,,,
1302,Prec_fortnight,2020-06-15,2020-06-15,,,
1303,Prec_fortnight,2021-05-19,2021-05-19,,,
1304,Prec_fortnight,2017-07-29,2017-07-29,,,
1305,Prec_fortnight,2020-03-23,2020-03-23,,,
1306,Prec_fortnight,2019-01-27,2019-01-27,,,
1307,Prec_fortnight,2021-03-10,2021-03-10,,,
1308,Prec_fortnight,2020-09-09,2020-09-09,,,
1309,Prec_fortnight,2021-11-18,2021-11-18,,,
1310,Prec_fortnight,2024-04-20,2024-04-20,,,
1311,Prec_fortnight,2018-07-15,2018-07-15,,,
1312,Prec_fortnight,2018-04-21,2018-04-21,,,
1313,Prec_fortnight,2022-11-04,2022-11-04,,,
1314,Prec_fortnight,2019-07-01,2019-07-01,,,
1315,Prec_fortnight,2023-07-29,2023-07-29,,,
1316,Prec_fortnight,2018-10-21,2018-10-21,,,
1317,Prec_fortnight,2023-05-05,2023-05-05,,,
1318,Prec_fortnight,2024-01-27,2024-01-27,,,
1319,Prec_fortnight,2021-08-12,2021-08-12,,,
1320,Prec_fortnight,2023-02-10,2023-02-10,,,
1321,Prec_fortnight,2017-11-04,2017-11-04,,,
1322,Prec_fortnight,2020-12-02,2020-12-02,,,
1323,Prec_fortnight,2022-02-24,2022-02-24,,,
1324,Prec_fortnight,2019-12-30,2019-12-30,,,
1325,filtered_delta_g_annual_uid,uid,uid,,,
1326,filtered_delta_g_annual_uid,2022_2023,2022_2023,,,
1327,filtered_delta_g_annual_uid,2017_2018,2017_2018,,,
1328,filtered_delta_g_annual_uid,area_in_ha,area_in_ha,,,
1329,filtered_delta_g_annual_uid,2023_2024,2023_2024,,,
1330,filtered_delta_g_annual_uid,2020_2021,2020_2021,,,
1331,filtered_delta_g_annual_uid,2019_2020,2019_2020,,,
1332,filtered_delta_g_annual_uid,2018_2019,2018_2019,,,
1333,filtered_delta_g_annual_uid,id,id,,,
1334,filtered_delta_g_annual_uid,2021_2022,2021_2022,,,
1335,filtered_delta_g_annual_uid,system:index,system:index,,,
1336,filtered_delta_g_fortnight_uid,2020-05-18,2020-05-18,,,
1337,filtered_delta_g_fortnight_uid,2020-02-24,2020-02-24,,,
1338,filtered_delta_g_fortnight_uid,2020-11-18,2020-11-18,,,
1339,filtered_delta_g_fortnight_uid,2024-04-06,2024-04-06,,,
1340,filtered_delta_g_fortnight_uid,2024-01-13,2024-01-13,,,
1341,filtered_delta_g_fortnight_uid,2021-10-21,2021-10-21,,,
1342,filtered_delta_g_fortnight_uid,2019-04-21,2019-04-21,,,
1343,filtered_delta_g_fortnight_uid,2019-07-15,2019-07-15,,,
1344,filtered_delta_g_fortnight_uid,2023-02-24,2023-02-24,,,
1345,filtered_delta_g_fortnight_uid,2022-09-09,2022-09-09,,,
1346,filtered_delta_g_fortnight_uid,2022-03-24,2022-03-24,,,
1347,filtered_delta_g_fortnight_uid,2023-11-04,2023-11-04,,,
1348,filtered_delta_g_fortnight_uid,2019-10-21,2019-10-21,,,
1349,filtered_delta_g_fortnight_uid,2017-09-23,2017-09-23,,,
1350,filtered_delta_g_fortnight_uid,2022-06-16,2022-06-16,,,
1351,filtered_delta_g_fortnight_uid,2021-07-15,2021-07-15,,,
1352,filtered_delta_g_fortnight_uid,2017-07-01,2017-07-01,,,
1353,filtered_delta_g_fortnight_uid,id,id,,,
1354,filtered_delta_g_fortnight_uid,2017-10-07,2017-10-07,,,
1355,filtered_delta_g_fortnight_uid,2021-04-07,2021-04-07,,,
1356,filtered_delta_g_fortnight_uid,2021-01-13,2021-01-13,,,
1357,filtered_delta_g_fortnight_uid,2018-05-19,2018-05-19,,,
1358,filtered_delta_g_fortnight_uid,2020-11-04,2020-11-04,,,
1359,filtered_delta_g_fortnight_uid,2022-12-02,2022-12-02,,,
1360,filtered_delta_g_fortnight_uid,2019-02-10,2019-02-10,,,
1361,filtered_delta_g_fortnight_uid,2018-02-24,2018-02-24,,,
1362,filtered_delta_g_fortnight_uid,2023-05-19,2023-05-19,,,
1363,filtered_delta_g_fortnight_uid,2020-08-12,2020-08-12,,,
1364,filtered_delta_g_fortnight_uid,2017-12-30,2017-12-30,,,
1365,filtered_delta_g_fortnight_uid,2018-08-12,2018-08-12,,,
1366,filtered_delta_g_fortnight_uid,2023-08-12,2023-08-12,,,
1367,filtered_delta_g_fortnight_uid,2019-05-05,2019-05-05,,,
1368,filtered_delta_g_fortnight_uid,2019-11-04,2019-11-04,,,
1369,filtered_delta_g_fortnight_uid,2019-07-29,2019-07-29,,,
1370,filtered_delta_g_fortnight_uid,2018-11-18,2018-11-18,,,
1371,filtered_delta_g_fortnight_uid,2022-06-02,2022-06-02,,,
1372,filtered_delta_g_fortnight_uid,2021-07-29,2021-07-29,,,
1373,filtered_delta_g_fortnight_uid,2022-08-26,2022-08-26,,,
1374,filtered_delta_g_fortnight_uid,2021-05-05,2021-05-05,,,
1375,filtered_delta_g_fortnight_uid,2023-11-18,2023-11-18,,,
1376,filtered_delta_g_fortnight_uid,2022-03-10,2022-03-10,,,
1377,filtered_delta_g_fortnight_uid,2020-07-15,2020-07-15,,,
1378,filtered_delta_g_fortnight_uid,2021-02-10,2021-02-10,,,
1379,filtered_delta_g_fortnight_uid,2017-08-26,2017-08-26,,,
1380,filtered_delta_g_fortnight_uid,2022-04-07,2022-04-07,,,
1381,filtered_delta_g_fortnight_uid,2022-12-30,2022-12-30,,,
1382,filtered_delta_g_fortnight_uid,2019-02-24,2019-02-24,,,
1383,filtered_delta_g_fortnight_uid,2018-09-09,2018-09-09,,,
1384,filtered_delta_g_fortnight_uid,2024-03-23,2024-03-23,,,
1385,filtered_delta_g_fortnight_uid,2021-12-16,2021-12-16,,,
1386,filtered_delta_g_fortnight_uid,2024-06-15,2024-06-15,,,
1387,filtered_delta_g_fortnight_uid,2019-08-12,2019-08-12,,,
1388,filtered_delta_g_fortnight_uid,2018-03-24,2018-03-24,,,
1389,filtered_delta_g_fortnight_uid,2020-04-20,2020-04-20,,,
1390,filtered_delta_g_fortnight_uid,2018-06-16,2018-06-16,,,
1391,filtered_delta_g_fortnight_uid,2023-03-10,2023-03-10,,,
1392,filtered_delta_g_fortnight_uid,2019-11-18,2019-11-18,,,
1393,filtered_delta_g_fortnight_uid,uid,uid,,,
1394,filtered_delta_g_fortnight_uid,2022-10-07,2022-10-07,,,
1395,filtered_delta_g_fortnight_uid,2017-12-02,2017-12-02,,,
1396,filtered_delta_g_fortnight_uid,2023-08-26,2023-08-26,,,
1397,filtered_delta_g_fortnight_uid,2023-06-02,2023-06-02,,,
1398,filtered_delta_g_fortnight_uid,area_in_ha,area_in_ha,,,
1399,filtered_delta_g_fortnight_uid,2020-01-27,2020-01-27,,,
1400,filtered_delta_g_fortnight_uid,2019-05-19,2019-05-19,,,
1401,filtered_delta_g_fortnight_uid,2022-09-23,2022-09-23,,,
1402,filtered_delta_g_fortnight_uid,2018-12-16,2018-12-16,,,
1403,filtered_delta_g_fortnight_uid,2022-07-01,2022-07-01,,,
1404,filtered_delta_g_fortnight_uid,2020-05-04,2020-05-04,,,
1405,filtered_delta_g_fortnight_uid,2020-02-10,2020-02-10,,,
1406,filtered_delta_g_fortnight_uid,2017-09-09,2017-09-09,,,
1407,filtered_delta_g_fortnight_uid,2020-07-29,2020-07-29,,,
1408,filtered_delta_g_fortnight_uid,2021-04-21,2021-04-21,,,
1409,filtered_delta_g_fortnight_uid,2024-06-01,2024-06-01,,,
1410,filtered_delta_g_fortnight_uid,2018-03-10,2018-03-10,,,
1411,filtered_delta_g_fortnight_uid,2021-10-07,2021-10-07,,,
1412,filtered_delta_g_fortnight_uid,2018-06-02,2018-06-02,,,
1413,filtered_delta_g_fortnight_uid,2018-08-26,2018-08-26,,,
1414,filtered_delta_g_fortnight_uid,2023-09-09,2023-09-09,,,
1415,filtered_delta_g_fortnight_uid,2022-12-16,2022-12-16,,,
1416,filtered_delta_g_fortnight_uid,2018-12-02,2018-12-02,,,
1417,filtered_delta_g_fortnight_uid,2023-06-16,2023-06-16,,,
1418,filtered_delta_g_fortnight_uid,2024-03-09,2024-03-09,,,
1419,filtered_delta_g_fortnight_uid,2021-12-30,2021-12-30,,,
1420,filtered_delta_g_fortnight_uid,2023-03-24,2023-03-24,,,
1421,filtered_delta_g_fortnight_uid,2021-07-01,2021-07-01,,,
1422,filtered_delta_g_fortnight_uid,2021-09-23,2021-09-23,,,
1423,filtered_delta_g_fortnight_uid,2023-12-02,2023-12-02,,,
1424,filtered_delta_g_fortnight_uid,2020-10-21,2020-10-21,,,
1425,filtered_delta_g_fortnight_uid,2017-12-16,2017-12-16,,,
1426,filtered_delta_g_fortnight_uid,2022-01-13,2022-01-13,,,
1427,filtered_delta_g_fortnight_uid,system:index,system:index,,,
1428,filtered_delta_g_fortnight_uid,2021-01-27,2021-01-27,,,
1429,filtered_delta_g_fortnight_uid,2020-10-07,2020-10-07,,,
1430,filtered_delta_g_fortnight_uid,2018-01-27,2018-01-27,,,
1431,filtered_delta_g_fortnight_uid,2020-01-13,2020-01-13,,,
1432,filtered_delta_g_fortnight_uid,2020-04-06,2020-04-06,,,
1433,filtered_delta_g_fortnight_uid,2024-05-18,2024-05-18,,,
1434,filtered_delta_g_fortnight_uid,2019-08-26,2019-08-26,,,
1435,filtered_delta_g_fortnight_uid,2024-02-24,2024-02-24,,,
1436,filtered_delta_g_fortnight_uid,2019-03-10,2019-03-10,,,
1437,filtered_delta_g_fortnight_uid,2021-12-02,2021-12-02,,,
1438,filtered_delta_g_fortnight_uid,2019-06-02,2019-06-02,,,
1439,filtered_delta_g_fortnight_uid,2018-12-30,2018-12-30,,,
1440,filtered_delta_g_fortnight_uid,2022-05-05,2022-05-05,,,
1441,filtered_delta_g_fortnight_uid,2021-08-26,2021-08-26,,,
1442,filtered_delta_g_fortnight_uid,2017-08-12,2017-08-12,,,
1443,filtered_delta_g_fortnight_uid,2022-07-29,2022-07-29,,,
1444,filtered_delta_g_fortnight_uid,2021-06-02,2021-06-02,,,
1445,filtered_delta_g_fortnight_uid,2023-12-16,2023-12-16,,,
1446,filtered_delta_g_fortnight_uid,2019-12-02,2019-12-02,,,
1447,filtered_delta_g_fortnight_uid,2017-11-18,2017-11-18,,,
1448,filtered_delta_g_fortnight_uid,2022-02-10,2022-02-10,,,
1449,filtered_delta_g_fortnight_uid,2020-12-30,2020-12-30,,,
1450,filtered_delta_g_fortnight_uid,2023-12-30,2023-12-30,,,
1451,filtered_delta_g_fortnight_uid,2018-04-07,2018-04-07,,,
1452,filtered_delta_g_fortnight_uid,2021-02-24,2021-02-24,,,
1453,filtered_delta_g_fortnight_uid,2022-01-27,2022-01-27,,,
1454,filtered_delta_g_fortnight_uid,2020-12-16,2020-12-16,,,
1455,filtered_delta_g_fortnight_uid,2023-01-13,2023-01-13,,,
1456,filtered_delta_g_fortnight_uid,2022-10-21,2022-10-21,,,
1457,filtered_delta_g_fortnight_uid,2020-07-01,2020-07-01,,,
1458,filtered_delta_g_fortnight_uid,2023-04-07,2023-04-07,,,
1459,filtered_delta_g_fortnight_uid,2018-01-13,2018-01-13,,,
1460,filtered_delta_g_fortnight_uid,2020-09-23,2020-09-23,,,
1461,filtered_delta_g_fortnight_uid,2018-09-23,2018-09-23,,,
1462,filtered_delta_g_fortnight_uid,2023-07-01,2023-07-01,,,
1463,filtered_delta_g_fortnight_uid,2019-09-09,2019-09-09,,,
1464,filtered_delta_g_fortnight_uid,2019-06-16,2019-06-16,,,
1465,filtered_delta_g_fortnight_uid,2018-07-01,2018-07-01,,,
1466,filtered_delta_g_fortnight_uid,2019-03-24,2019-03-24,,,
1467,filtered_delta_g_fortnight_uid,2019-12-16,2019-12-16,,,
1468,filtered_delta_g_fortnight_uid,2023-09-23,2023-09-23,,,
1469,filtered_delta_g_fortnight_uid,2018-10-07,2018-10-07,,,
1470,filtered_delta_g_fortnight_uid,2022-07-15,2022-07-15,,,
1471,filtered_delta_g_fortnight_uid,2021-06-16,2021-06-16,,,
1472,filtered_delta_g_fortnight_uid,2023-10-07,2023-10-07,,,
1473,filtered_delta_g_fortnight_uid,2022-04-21,2022-04-21,,,
1474,filtered_delta_g_fortnight_uid,2021-09-09,2021-09-09,,,
1475,filtered_delta_g_fortnight_uid,2021-03-24,2021-03-24,,,
1476,filtered_delta_g_fortnight_uid,2020-08-26,2020-08-26,,,
1477,filtered_delta_g_fortnight_uid,2017-07-15,2017-07-15,,,
1478,filtered_delta_g_fortnight_uid,2023-10-21,2023-10-21,,,
1479,filtered_delta_g_fortnight_uid,2022-05-19,2022-05-19,,,
1480,filtered_delta_g_fortnight_uid,2019-01-13,2019-01-13,,,
1481,filtered_delta_g_fortnight_uid,2023-01-27,2023-01-27,,,
1482,filtered_delta_g_fortnight_uid,2018-02-10,2018-02-10,,,
1483,filtered_delta_g_fortnight_uid,2024-02-10,2024-02-10,,,
1484,filtered_delta_g_fortnight_uid,2019-09-23,2019-09-23,,,
1485,filtered_delta_g_fortnight_uid,2024-05-04,2024-05-04,,,
1486,filtered_delta_g_fortnight_uid,2021-11-04,2021-11-04,,,
1487,filtered_delta_g_fortnight_uid,2020-06-01,2020-06-01,,,
1488,filtered_delta_g_fortnight_uid,2018-07-29,2018-07-29,,,
1489,filtered_delta_g_fortnight_uid,2018-05-05,2018-05-05,,,
1490,filtered_delta_g_fortnight_uid,2022-08-12,2022-08-12,,,
1491,filtered_delta_g_fortnight_uid,2023-07-15,2023-07-15,,,
1492,filtered_delta_g_fortnight_uid,2019-10-07,2019-10-07,,,
1493,filtered_delta_g_fortnight_uid,2017-10-21,2017-10-21,,,
1494,filtered_delta_g_fortnight_uid,2023-04-21,2023-04-21,,,
1495,filtered_delta_g_fortnight_uid,2022-11-18,2022-11-18,,,
1496,filtered_delta_g_fortnight_uid,2019-04-07,2019-04-07,,,
1497,filtered_delta_g_fortnight_uid,2020-03-09,2020-03-09,,,
1498,filtered_delta_g_fortnight_uid,2018-11-04,2018-11-04,,,
1499,filtered_delta_g_fortnight_uid,2021-05-19,2021-05-19,,,
1500,filtered_delta_g_fortnight_uid,2020-06-15,2020-06-15,,,
1501,filtered_delta_g_fortnight_uid,2017-07-29,2017-07-29,,,
1502,filtered_delta_g_fortnight_uid,2020-03-23,2020-03-23,,,
1503,filtered_delta_g_fortnight_uid,2019-01-27,2019-01-27,,,
1504,filtered_delta_g_fortnight_uid,2021-03-10,2021-03-10,,,
1505,filtered_delta_g_fortnight_uid,2020-09-09,2020-09-09,,,
1506,filtered_delta_g_fortnight_uid,2024-04-20,2024-04-20,,,
1507,filtered_delta_g_fortnight_uid,2021-11-18,2021-11-18,,,
1508,filtered_delta_g_fortnight_uid,2018-07-15,2018-07-15,,,
1509,filtered_delta_g_fortnight_uid,2018-04-21,2018-04-21,,,
1510,filtered_delta_g_fortnight_uid,2022-11-04,2022-11-04,,,
1511,filtered_delta_g_fortnight_uid,2019-07-01,2019-07-01,,,
1512,filtered_delta_g_fortnight_uid,2023-07-29,2023-07-29,,,
1513,filtered_delta_g_fortnight_uid,2023-05-05,2023-05-05,,,
1514,filtered_delta_g_fortnight_uid,2018-10-21,2018-10-21,,,
1515,filtered_delta_g_fortnight_uid,2024-01-27,2024-01-27,,,
1516,filtered_delta_g_fortnight_uid,2023-02-10,2023-02-10,,,
1517,filtered_delta_g_fortnight_uid,2021-08-12,2021-08-12,,,
1518,filtered_delta_g_fortnight_uid,2017-11-04,2017-11-04,,,
1519,filtered_delta_g_fortnight_uid,2022-02-24,2022-02-24,,,
1520,filtered_delta_g_fortnight_uid,2020-12-02,2020-12-02,,,
1521,filtered_delta_g_fortnight_uid,2019-12-30,2019-12-30,,,