,layer_name,column_name,column_name_normalized,column_name_description
0,admin_boundary,ASSET_2001,,
1,admin_boundary,TOT_M,,
2,admin_boundary,dist_cen,,
3,admin_boundary,TOT_F,,
4,admin_boundary,ADI_2019,,
5,admin_boundary,F_SC,,
6,admin_boundary,P_ILL,,
7,admin_boundary,MSW_2011,,
8,admin_boundary,TOT_P,,
9,admin_boundary,ADI_2011,,
10,admin_boundary,MSW_2019,,
11,admin_boundary,P_ST,,
12,admin_boundary,F_ILL,,
13,admin_boundary,vill_name,,
14,admin_boundary,vill_ID,,
15,admin_boundary,BF_2011,,
16,admin_boundary,FC_2001,,
17,admin_boundary,F_ST,,
18,admin_boundary,P_LIT,,
19,admin_boundary,state,,
20,admin_boundary,block_cen,,
21,admin_boundary,ADI_2001,,
22,admin_boundary,BF_2019,,
23,admin_boundary,No_HH,,
24,admin_boundary,ASSET_2011,,
25,admin_boundary,M_SC,,
26,admin_boundary,MSW_2001,,
27,admin_boundary,M_LIT,,
28,admin_boundary,tehsil,,
29,admin_boundary,state_cen,,
30,admin_boundary,FC_2019,,
31,admin_boundary,M_ST,,
32,admin_boundary,district,,
33,admin_boundary,F_LIT,,
34,admin_boundary,BF_2001,,
35,admin_boundary,P_SC,,
36,admin_boundary,ASSET_2019,,
37,admin_boundary,FC_2011,,
38,admin_boundary,M_ILL,,
39,admin_boundary,system:index,,
40,aquifer_vector,weighted_contribution,,
41,aquifer_vector,aquifer_count,,
42,aquifer_vector,m2_perday,,
43,aquifer_vector,%_area_aquifer,,
44,aquifer_vector,mbgl,,
45,aquifer_vector,newcode14,,
46,aquifer_vector,yeild__,,
47,aquifer_vector,uid,,
48,aquifer_vector,Recommende,,
49,aquifer_vector,area_in_ha,,
50,aquifer_vector,id,,
51,aquifer_vector,state,,
52,aquifer_vector,m3_per_day,,
53,aquifer_vector,Age,,
54,aquifer_vector,Major_Aq_1,,
55,aquifer_vector,aquifer_class,,
56,aquifer_vector,area_re,,
57,aquifer_vector,test,,
58,aquifer_vector,zone_m,,
59,aquifer_vector,avg_mbgl,,
60,aquifer_vector,pa_order,,
61,aquifer_vector,per_cm,,
62,aquifer_vector,Principal_,,
63,aquifer_vector,intersection_area_ha,,
64,aquifer_vector,y_value,,
65,aquifer_vector,newcode43,,
66,aquifer_vector,Lithology_,,
67,aquifer_vector,system,,
68,aquifer_vector,Major_Aqui,,
69,aquifer_vector,objectid,,
70,aquifer_vector,system:index,,
71,drainage_lines,end_node,,
72,drainage_lines,ORDER,,
73,drainage_lines,stream_typ,,
74,drainage_lines,start_node,,
75,drainage_lines,cat,,
76,drainage_lines,id,,
77,drainage_lines,system:index,,
78,drainage_lines,type_code,,
79,drainage_lines,network,,
80,swb3,no_town_cities_benefited,,
81,swb3,area_21-22,,
82,swb3,census_id,,
83,swb3,k_19-20,,
84,swb3,ismissing,,
85,swb3,filled_up_storage_space_name,,
86,swb3,kr_22-23,,
87,swb3,renovation_cost,,
88,swb3,krz_23-24,,
89,swb3,extent_of_area_covered_by_wua,,
90,swb3,ref_selection_id_encroachment_assessed_name,,
91,swb3,si_no_of_water_body_within_village_town,,
92,swb3,k_21-22,,
93,swb3,area_18-19,,
94,swb3,basin_name,,
95,swb3,sub_basin_name,,
96,swb3,area_19-20,,
97,swb3,k_18-19,,
98,swb3,ref_water_body_type_id_name,,
99,swb3,nature_of_storage,,
100,swb3,longitude_dec,,
101,swb3,water_body_name,,
102,swb3,unique_id,,
103,swb3,kr_19-20,,
104,swb3,renovation_year,,
105,swb3,MWS_UID,,
106,swb3,storage_capacity_water_body_present,,
107,swb3,no_villages_benefited,,
108,swb3,ref_selection_id_wua_exists_name,,
109,swb3,water_body_loc_name,,
110,swb3,scheme_status_reason_name,,
111,swb3,water,,
112,swb3,kr_21-22,,
113,swb3,rural_or_urban,,
114,swb3,area_20-21,,
115,swb3,krz_22-23,,
116,swb3,ref_water_body_in_use_id_name,,
117,swb3,ref_selection_id_dip_sip_exists_name,,
118,swb3,UID,,
119,swb3,storage_capacity_water_body_original,,
120,swb3,Block/Tehsil Name,,
121,swb3,area_17-18,,
122,swb3,k_22-23,,
123,swb3,krz_19-20,,
124,swb3,Village Name,,
125,swb3,ref_water_body_under_repair_renovation_restoration_id_name,,
126,swb3,filled_up_storage_name,,
127,swb3,District Name,,
128,swb3,kr_18-19,,
129,swb3,latitude_dec,,
130,swb3,construcion_year,,
131,swb3,max_depth_water_body_fully_filled,,
132,swb3,water_body_ownership_name,,
133,swb3,kr_20-21,,
134,swb3,State Name,,
135,swb3,khasra_number,,
136,swb3,krz_18-19,,
137,swb3,area_23-24,,
138,swb3,water_spread_area_of_water_body,,
139,swb3,area_ored,,
140,swb3,krz_21-22,,
141,swb3,number_of_wua_formed,,
142,swb3,ref_selection_id_water_body_encroached_name,,
143,swb3,ward_name,,
144,swb3,k_23-24,,
145,swb3,water_body_nature_name,,
146,swb3,no_people_benefited_by_water_body,,
147,swb3,kr_17-18,,
148,swb3,manmade_water_body_type_name,,
149,swb3,category_sq_m,,
150,swb3,krz_17-18,,
151,swb3,reason_water_body_in_use_name2,,
152,swb3,area_22-23,,
153,swb3,construction_cost,,
154,swb3,any,,
155,swb3,kr_23-24,,
156,swb3,krz_20-21,,
157,swb3,ref_reason_water_body_in_use_id1_name,,
158,swb3,scheme_under_revival_is_done,,
159,swb3,k_20-21,,
160,swb3,k_17-18,,
161,swb3,reason_water_body_in_use_name3,,
162,swb3,town_municipalty_name,,
163,swb3,system:index,,
164,change_vector_Afforestation,uid,,
165,change_vector_Afforestation,area_in_ha,,
166,change_vector_Afforestation,fa_fo,,
167,change_vector_Afforestation,total_aff,,
168,change_vector_Afforestation,sc_fo,,
169,change_vector_Afforestation,ba_fo,,
170,change_vector_Afforestation,id,,
171,change_vector_Afforestation,bu_fo,,
172,change_vector_Afforestation,fo_fo,,
173,change_vector_Afforestation,system:index,,
174,change_vector_CropIntensity,tr_si,,
175,change_vector_CropIntensity,si_do,,
176,change_vector_CropIntensity,uid,,
177,change_vector_CropIntensity,si_tr,,
178,change_vector_CropIntensity,same,,
179,change_vector_CropIntensity,area_in_ha,,
180,change_vector_CropIntensity,do_tr,,
181,change_vector_CropIntensity,total_change,,
182,change_vector_CropIntensity,tr_do,,
183,change_vector_CropIntensity,id,,
184,change_vector_CropIntensity,system:index,,
185,change_vector_CropIntensity,do_si,,
186,change_vector_Deforestation,fo_fa,,
187,change_vector_Deforestation,uid,,
188,change_vector_Deforestation,fo_ba,,
189,change_vector_Deforestation,total_def,,
190,change_vector_Deforestation,area_in_ha,,
191,change_vector_Deforestation,fo_sc,,
192,change_vector_Deforestation,fo_bu,,
193,change_vector_Deforestation,id,,
194,change_vector_Deforestation,fo_fo,,
195,change_vector_Deforestation,system:index,,
196,change_vector_Degradation,uid,,
197,change_vector_Degradation,f_bu,,
198,change_vector_Degradation,f_sc,,
199,change_vector_Degradation,area_in_ha,,
200,change_vector_Degradation,total_deg,,
201,change_vector_Degradation,f_ba,,
202,change_vector_Degradation,id,,
203,change_vector_Degradation,f_f,,
204,change_vector_Degradation,system:index,,
205,change_vector_Urbanization,uid,,
206,change_vector_Urbanization,tr_bu,,
207,change_vector_Urbanization,bu_bu,,
208,change_vector_Urbanization,total_urb,,
209,change_vector_Urbanization,area_in_ha,,
210,change_vector_Urbanization,id,,
211,change_vector_Urbanization,w_bu,,
212,change_vector_Urbanization,b_bu,,
213,change_vector_Urbanization,system:index,,
214,cropping_intensity_2017-23,single_cropped_area_2018,,
215,cropping_intensity_2017-23,total_cropable_area_ever_hydroyear_2017_2023,,
216,cropping_intensity_2017-23,single_cropped_area_2019,,
217,cropping_intensity_2017-23,single_kharif_cropped_area_2019,,
218,cropping_intensity_2017-23,single_kharif_cropped_area_2018,,
219,cropping_intensity_2017-23,single_kharif_cropped_area_2017,,
220,cropping_intensity_2017-23,sum,,
221,cropping_intensity_2017-23,triply_cropped_area_2022,,
222,cropping_intensity_2017-23,doubly_cropped_area_2018,,
223,cropping_intensity_2017-23,triply_cropped_area_2021,,
224,cropping_intensity_2017-23,doubly_cropped_area_2017,,
225,cropping_intensity_2017-23,uid,,
226,cropping_intensity_2017-23,triply_cropped_area_2020,,
227,cropping_intensity_2017-23,single_non_kharif_cropped_area_2020,,
228,cropping_intensity_2017-23,doubly_cropped_area_2019,,
229,cropping_intensity_2017-23,cropping_intensity_2019,,
230,cropping_intensity_2017-23,single_non_kharif_cropped_area_2022,,
231,cropping_intensity_2017-23,cropping_intensity_2018,,
232,cropping_intensity_2017-23,single_non_kharif_cropped_area_2021,,
233,cropping_intensity_2017-23,cropping_intensity_2017,,
234,cropping_intensity_2017-23,area_in_ha,,
235,cropping_intensity_2017-23,single_cropped_area_2020,,
236,cropping_intensity_2017-23,triply_cropped_area_2023,,
237,cropping_intensity_2017-23,single_non_kharif_cropped_area_2023,,
238,cropping_intensity_2017-23,single_cropped_area_2021,,
239,cropping_intensity_2017-23,single_cropped_area_2022,,
240,cropping_intensity_2017-23,single_cropped_area_2023,,
241,cropping_intensity_2017-23,id,,
242,cropping_intensity_2017-23,single_kharif_cropped_area_2023,,
243,cropping_intensity_2017-23,single_kharif_cropped_area_2022,,
244,cropping_intensity_2017-23,single_kharif_cropped_area_2021,,
245,cropping_intensity_2017-23,single_kharif_cropped_area_2020,,
246,cropping_intensity_2017-23,cropping_intensity_2023,,
247,cropping_intensity_2017-23,triply_cropped_area_2019,,
248,cropping_intensity_2017-23,doubly_cropped_area_2021,,
249,cropping_intensity_2017-23,triply_cropped_area_2018,,
250,cropping_intensity_2017-23,doubly_cropped_area_2020,,
251,cropping_intensity_2017-23,triply_cropped_area_2017,,
252,cropping_intensity_2017-23,doubly_cropped_area_2023,,
253,cropping_intensity_2017-23,single_non_kharif_cropped_area_2017,,
254,cropping_intensity_2017-23,doubly_cropped_area_2022,,
255,cropping_intensity_2017-23,cropping_intensity_2022,,
256,cropping_intensity_2017-23,single_non_kharif_cropped_area_2019,,
257,cropping_intensity_2017-23,cropping_intensity_2021,,
258,cropping_intensity_2017-23,single_non_kharif_cropped_area_2018,,
259,cropping_intensity_2017-23,cropping_intensity_2020,,
260,cropping_intensity_2017-23,system:index,,
261,cropping_intensity_2017-23,single_cropped_area_2017,,
262,drought_2017_2022,rd21-6-26,,
263,drought_2017_2022,rd20-9-4,,
264,drought_2017_2022,rd17-6-4,,
265,drought_2017_2022,rd18-6-20,,
266,drought_2017_2022,rd21-7-3,,
267,drought_2017_2022,rd20-9-11,,
268,drought_2017_2022,rd18-6-27,,
269,drought_2017_2022,rd17-10-29,,
270,drought_2017_2022,frth3_2019,,
271,drought_2017_2022,frth3_2017,,
272,drought_2017_2022,rd19-9-18,,
273,drought_2017_2022,frth3_2018,,
274,drought_2017_2022,kh_cr_2020,,
275,drought_2017_2022,kh_cr_2021,,
276,drought_2017_2022,rd20-9-18,,
277,drought_2017_2022,kh_cr_2022,,
278,drought_2017_2022,rd19-9-11,,
279,drought_2017_2022,rd22-9-25,,
280,drought_2017_2022,rd17-8-27,,
281,drought_2017_2022,kh_cr_2017,,
282,drought_2017_2022,rd20-10-2,,
283,drought_2017_2022,kh_cr_2018,,
284,drought_2017_2022,rd19-9-4,,
285,drought_2017_2022,kh_cr_2019,,
286,drought_2017_2022,rd17-8-20,,
287,drought_2017_2022,rd20-10-9,,
288,drought_2017_2022,rd18-6-13,,
289,drought_2017_2022,rd19-9-25,,
290,drought_2017_2022,rd17-10-1,,
291,drought_2017_2022,rd17-10-8,,
292,drought_2017_2022,rd17-7-9,,
293,drought_2017_2022,rd19-10-2,,
294,drought_2017_2022,rd17-8-13,,
295,drought_2017_2022,rd21-7-10,,
296,drought_2017_2022,frth1_2019,,
297,drought_2017_2022,rd21-8-7,,
298,drought_2017_2022,rd18-7-11,,
299,drought_2017_2022,rd17-7-2,,
300,drought_2017_2022,rd19-10-9,,
301,drought_2017_2022,t_wks_2017,,
302,drought_2017_2022,frth1_2017,,
303,drought_2017_2022,rd22-10-9,,
304,drought_2017_2022,rd21-7-17,,
305,drought_2017_2022,frth1_2018,,
306,drought_2017_2022,inth3_2020,,
307,drought_2017_2022,uid,,
308,drought_2017_2022,inth3_2021,,
309,drought_2017_2022,rd20-8-21,,
310,drought_2017_2022,rd18-7-18,,
311,drought_2017_2022,t_wks_2018,,
312,drought_2017_2022,inth3_2022,,
313,drought_2017_2022,t_wks_2019,,
314,drought_2017_2022,rd19-8-28,,
315,drought_2017_2022,rd20-8-28,,
316,drought_2017_2022,rd22-6-5,,
317,drought_2017_2022,rd20-10-16,,
318,drought_2017_2022,rd19-8-21,,
319,drought_2017_2022,rd22-9-11,,
320,drought_2017_2022,rd21-7-24,,
321,drought_2017_2022,rd19-8-7,,
322,drought_2017_2022,rd17-7-30,,
323,drought_2017_2022,frth3_2022,,
324,drought_2017_2022,frth3_2020,,
325,drought_2017_2022,frth3_2021,,
326,drought_2017_2022,rd20-8-14,,
327,drought_2017_2022,inth3_2017,,
328,drought_2017_2022,inth3_2018,,
329,drought_2017_2022,rd22-9-18,,
330,drought_2017_2022,inth3_2019,,
331,drought_2017_2022,system:index,,
332,drought_2017_2022,rd20-7-3,,
333,drought_2017_2022,rd17-8-6,,
334,drought_2017_2022,rd17-7-23,,
335,drought_2017_2022,rd20-10-30,,
336,drought_2017_2022,w_mld_2017,,
337,drought_2017_2022,w_mld_2018,,
338,drought_2017_2022,w_mld_2019,,
339,drought_2017_2022,rd22-5-29,,
340,drought_2017_2022,rd20-7-31,,
341,drought_2017_2022,rd18-6-6,,
342,drought_2017_2022,w_mld_2020,,
343,drought_2017_2022,w_mld_2021,,
344,drought_2017_2022,w_mld_2022,,
345,drought_2017_2022,rd19-7-3,,
346,drought_2017_2022,rd18-10-31,,
347,drought_2017_2022,rd19-10-23,,
348,drought_2017_2022,t_wks_2020,,
349,drought_2017_2022,rd19-5-29,,
350,drought_2017_2022,m_ons_2017,,
351,drought_2017_2022,t_wks_2021,,
352,drought_2017_2022,m_ons_2019,,
353,drought_2017_2022,t_wks_2022,,
354,drought_2017_2022,m_ons_2018,,
355,drought_2017_2022,rd21-5-29,,
356,drought_2017_2022,frth1_2022,,
357,drought_2017_2022,m_ons_2020,,
358,drought_2017_2022,m_ons_2022,,
359,drought_2017_2022,m_ons_2021,,
360,drought_2017_2022,frth1_2020,,
361,drought_2017_2022,frth1_2021,,
362,drought_2017_2022,rd20-7-24,,
363,drought_2017_2022,rd21-10-16,,
364,drought_2017_2022,rd20-10-23,,
365,drought_2017_2022,rd17-7-16,,
366,drought_2017_2022,rd19-10-16,,
367,drought_2017_2022,rd20-8-7,,
368,drought_2017_2022,rd17-9-3,,
369,drought_2017_2022,rd22-10-30,,
370,drought_2017_2022,rd18-10-24,,
371,drought_2017_2022,rd18-5-30,,
372,drought_2017_2022,rd21-6-5,,
373,drought_2017_2022,rd17-10-15,,
374,drought_2017_2022,w_mod_2022,,
375,drought_2017_2022,rd20-7-10,,
376,drought_2017_2022,w_mod_2021,,
377,drought_2017_2022,w_mod_2020,,
378,drought_2017_2022,w_no_2017,,
379,drought_2017_2022,w_no_2018,,
380,drought_2017_2022,w_no_2019,,
381,drought_2017_2022,rd18-7-4,,
382,drought_2017_2022,frth2_2020,,
383,drought_2017_2022,rd18-10-17,,
384,drought_2017_2022,frth2_2022,,
385,drought_2017_2022,frth2_2021,,
386,drought_2017_2022,rd20-7-17,,
387,drought_2017_2022,rd21-10-23,,
388,drought_2017_2022,rd19-6-5,,
389,drought_2017_2022,rd18-10-10,,
390,drought_2017_2022,frth2_2017,,
391,drought_2017_2022,rd22-10-23,,
392,drought_2017_2022,rd21-10-30,,
393,drought_2017_2022,rd17-6-25,,
394,drought_2017_2022,frth2_2019,,
395,drought_2017_2022,rd21-6-12,,
396,drought_2017_2022,frth2_2018,,
397,drought_2017_2022,rd17-10-22,,
398,drought_2017_2022,rd21-6-19,,
399,drought_2017_2022,w_mod_2019,,
400,drought_2017_2022,w_mod_2018,,
401,drought_2017_2022,w_no_2020,,
402,drought_2017_2022,w_mod_2017,,
403,drought_2017_2022,w_no_2021,,
404,drought_2017_2022,w_no_2022,,
405,drought_2017_2022,avg_dryspell,,
406,drought_2017_2022,rd17-6-11,,
407,drought_2017_2022,rd21-9-11,,
408,drought_2017_2022,drysp_2019,,
409,drought_2017_2022,drysp_2018,,
410,drought_2017_2022,rd22-10-16,,
411,drought_2017_2022,rd18-9-12,,
412,drought_2017_2022,drysp_2017,,
413,drought_2017_2022,rd21-9-18,,
414,drought_2017_2022,drlb_2017,,
415,drought_2017_2022,rd18-8-8,,
416,drought_2017_2022,inth0_2022,,
417,drought_2017_2022,rd18-9-19,,
418,drought_2017_2022,rd18-8-1,,
419,drought_2017_2022,inth0_2020,,
420,drought_2017_2022,inth0_2021,,
421,drought_2017_2022,rd22-9-4,,
422,drought_2017_2022,rd19-6-26,,
423,drought_2017_2022,rd20-6-26,,
424,drought_2017_2022,rd17-6-18,,
425,drought_2017_2022,rd21-9-25,,
426,drought_2017_2022,rd20-6-12,,
427,drought_2017_2022,inth2_2021,,
428,drought_2017_2022,inth2_2020,,
429,drought_2017_2022,rd22-7-17,,
430,drought_2017_2022,rd22-7-10,,
431,drought_2017_2022,rd20-6-19,,
432,drought_2017_2022,inth2_2022,,
433,drought_2017_2022,rd20-6-5,,
434,drought_2017_2022,rd19-10-30,,
435,drought_2017_2022,rd18-9-5,,
436,drought_2017_2022,frth0_2019,,
437,drought_2017_2022,frth0_2018,,
438,drought_2017_2022,frth0_2017,,
439,drought_2017_2022,rd22-6-19,,
440,drought_2017_2022,area_in_ha,,
441,drought_2017_2022,rd17-5-28,,
442,drought_2017_2022,rd22-6-12,,
443,drought_2017_2022,rd19-6-19,,
444,drought_2017_2022,rd18-9-26,,
445,drought_2017_2022,frth0_2022,,
446,drought_2017_2022,frth0_2021,,
447,drought_2017_2022,frth0_2020,,
448,drought_2017_2022,drlb_2019,,
449,drought_2017_2022,drlb_2018,,
450,drought_2017_2022,drlb_2022,,
451,drought_2017_2022,drlb_2021,,
452,drought_2017_2022,drlb_2020,,
453,drought_2017_2022,rd22-6-26,,
454,drought_2017_2022,rd19-6-12,,
455,drought_2017_2022,inth0_2019,,
456,drought_2017_2022,rd20-5-29,,
457,drought_2017_2022,inth0_2017,,
458,drought_2017_2022,inth0_2018,,
459,drought_2017_2022,pcr_k_2022,,
460,drought_2017_2022,pcr_k_2021,,
461,drought_2017_2022,rd21-7-31,,
462,drought_2017_2022,pcr_k_2020,,
463,drought_2017_2022,rd21-9-4,,
464,drought_2017_2022,w_sev_2020,,
465,drought_2017_2022,w_sev_2017,,
466,drought_2017_2022,w_sev_2019,,
467,drought_2017_2022,w_sev_2018,,
468,drought_2017_2022,rd22-8-14,,
469,drought_2017_2022,rd22-7-3,,
470,drought_2017_2022,rd19-7-31,,
471,drought_2017_2022,rd22-8-21,,
472,drought_2017_2022,rd21-8-14,,
473,drought_2017_2022,pcr_k_2019,,
474,drought_2017_2022,rd18-7-25,,
475,drought_2017_2022,pcr_k_2018,,
476,drought_2017_2022,pcr_k_2017,,
477,drought_2017_2022,rd19-8-14,,
478,drought_2017_2022,rd22-10-2,,
479,drought_2017_2022,rd22-8-28,,
480,drought_2017_2022,rd17-9-24,,
481,drought_2017_2022,rd21-8-21,,
482,drought_2017_2022,inth1_2019,,
483,drought_2017_2022,rd18-8-22,,
484,drought_2017_2022,inth1_2018,,
485,drought_2017_2022,inth1_2017,,
486,drought_2017_2022,rd21-8-28,,
487,drought_2017_2022,rd19-7-10,,
488,drought_2017_2022,inth2_2018,,
489,drought_2017_2022,inth2_2017,,
490,drought_2017_2022,rd18-8-29,,
491,drought_2017_2022,rd19-7-17,,
492,drought_2017_2022,inth2_2019,,
493,drought_2017_2022,rd18-10-3,,
494,drought_2017_2022,rd22-8-7,,
495,drought_2017_2022,rd22-7-24,,
496,drought_2017_2022,drysp_2022,,
497,drought_2017_2022,rd17-9-17,,
498,drought_2017_2022,drysp_2021,,
499,drought_2017_2022,inth1_2022,,
500,drought_2017_2022,rd22-7-31,,
501,drought_2017_2022,inth1_2021,,
502,drought_2017_2022,inth1_2020,,
503,drought_2017_2022,drysp_2020,,
504,drought_2017_2022,rd17-9-10,,
505,drought_2017_2022,rd18-8-15,,
506,drought_2017_2022,w_sev_2022,,
507,drought_2017_2022,rd21-10-9,,
508,drought_2017_2022,w_sev_2021,,
509,drought_2017_2022,rd19-7-24,,
510,drought_2017_2022,rd21-10-2,,
511,drought_2017_2022,rd20-9-25,,
512,restoration_vector,uid,,
513,restoration_vector,area_in_ha,,
514,restoration_vector,Excluded Areas,,
515,restoration_vector,id,,
516,restoration_vector,Mosaic Restoration,,
517,restoration_vector,Protection,,
518,restoration_vector,Wide-scale Restoration,,
519,restoration_vector,system:index,,
520,soge_vector,code,,
521,soge_vector,soge_block,,
522,soge_vector,agwd_dom_i,,
523,soge_vector,pct_area_soge,,
524,soge_vector,ar_gwr_tot,,
525,soge_vector,soge_district,,
526,soge_vector,agwd_irr,,
527,soge_vector,uid,,
528,soge_vector,soge_tehsil,,
529,soge_vector,soge_state,,
530,soge_vector,soge_objectid,,
531,soge_vector,area_in_ha,,
532,soge_vector,sgw_dev_pe,,
533,soge_vector,nat_discha,,
534,soge_vector,max_intersection_area_ha,,
535,soge_vector,class,,
536,soge_vector,na_gwa,,
537,soge_vector,system:index,,
538,soge_vector,agwd_tot,,
539,lulc_vector,single_kharif_cropped_area_2019,,
540,lulc_vector,single_kharif_cropped_area_2018,,
541,lulc_vector,barrenlands_area_2017,,
542,lulc_vector,single_kharif_cropped_area_2017,,
543,lulc_vector,barrenlands_area_2018,,
544,lulc_vector,barrenlands_area_2019,,
545,lulc_vector,triply_cropped_area_2022,,
546,lulc_vector,triply_cropped_area_2021,,
547,lulc_vector,triply_cropped_area_2020,,
548,lulc_vector,triply_cropped_area_2023,,
549,lulc_vector,shrub_scrub_area_2023,,
550,lulc_vector,id,,
551,lulc_vector,shrub_scrub_area_2022,,
552,lulc_vector,shrub_scrub_area_2021,,
553,lulc_vector,shrub_scrub_area_2020,,
554,lulc_vector,barrenlands_area_2023,,
555,lulc_vector,barrenlands_area_2021,,
556,lulc_vector,barrenlands_area_2022,,
557,lulc_vector,shrub_scrub_area_2019,,
558,lulc_vector,shrub_scrub_area_2018,,
559,lulc_vector,shrub_scrub_area_2017,,
560,lulc_vector,tree_forest_area_2023,,
561,lulc_vector,single_kharif_cropped_area_2023,,
562,lulc_vector,single_kharif_cropped_area_2022,,
563,lulc_vector,single_kharif_cropped_area_2021,,
564,lulc_vector,single_kharif_cropped_area_2020,,
565,lulc_vector,tree_forest_area_2020,,
566,lulc_vector,tree_forest_area_2021,,
567,lulc_vector,tree_forest_area_2022,,
568,lulc_vector,triply_cropped_area_2019,,
569,lulc_vector,doubly_cropped_area_2021,,
570,lulc_vector,triply_cropped_area_2018,,
571,lulc_vector,doubly_cropped_area_2020,,
572,lulc_vector,triply_cropped_area_2017,,
573,lulc_vector,doubly_cropped_area_2023,,
574,lulc_vector,doubly_cropped_area_2022,,
575,lulc_vector,barrenlands_area_2020,,
576,lulc_vector,cropland_area_2018,,
577,lulc_vector,krz_water_area_2021,,
578,lulc_vector,k_water_area_2017,,
579,lulc_vector,cropland_area_2017,,
580,lulc_vector,krz_water_area_2020,,
581,lulc_vector,k_water_area_2018,,
582,lulc_vector,krz_water_area_2023,,
583,lulc_vector,k_water_area_2019,,
584,lulc_vector,cropland_area_2019,,
585,lulc_vector,krz_water_area_2022,,
586,lulc_vector,kr_water_area_2022,,
587,lulc_vector,kr_water_area_2023,,
588,lulc_vector,sum,,
589,lulc_vector,tree_forest_area_2017,,
590,lulc_vector,tree_forest_area_2018,,
591,lulc_vector,tree_forest_area_2019,,
592,lulc_vector,doubly_cropped_area_2018,,
593,lulc_vector,doubly_cropped_area_2017,,
594,lulc_vector,uid,,
595,lulc_vector,single_non_kharif_cropped_area_2020,,
596,lulc_vector,doubly_cropped_area_2019,,
597,lulc_vector,single_non_kharif_cropped_area_2022,,
598,lulc_vector,single_non_kharif_cropped_area_2021,,
599,lulc_vector,area_in_ha,,
600,lulc_vector,single_non_kharif_cropped_area_2023,,
601,lulc_vector,kr_water_area_2020,,
602,lulc_vector,kr_water_area_2021,,
603,lulc_vector,krz_water_area_2018,,
604,lulc_vector,krz_water_area_2017,,
605,lulc_vector,krz_water_area_2019,,
606,lulc_vector,kr_water_area_2017,,
607,lulc_vector,kr_water_area_2018,,
608,lulc_vector,built-up_area_2017,,
609,lulc_vector,k_water_area_2020,,
610,lulc_vector,built-up_area_2018,,
611,lulc_vector,k_water_area_2021,,
612,lulc_vector,built-up_area_2019,,
613,lulc_vector,k_water_area_2022,,
614,lulc_vector,k_water_area_2023,,
615,lulc_vector,kr_water_area_2019,,
616,lulc_vector,built-up_area_2020,,
617,lulc_vector,built-up_area_2021,,
618,lulc_vector,built-up_area_2022,,
619,lulc_vector,built-up_area_2023,,
620,lulc_vector,single_non_kharif_cropped_area_2017,,
621,lulc_vector,cropland_area_2021,,
622,lulc_vector,cropland_area_2020,,
623,lulc_vector,single_non_kharif_cropped_area_2019,,
624,lulc_vector,cropland_area_2023,,
625,lulc_vector,single_non_kharif_cropped_area_2018,,
626,lulc_vector,cropland_area_2022,,
627,lulc_vector,system:index,,
628,lulcXplains_clusters,LxP_cluster,,
629,lulcXplains_clusters,area,,
630,lulcXplains_clusters,clust_name,,
631,lulcXplains_clusters,forest,,
632,lulcXplains_clusters,shrubs_scrubs,,
633,lulcXplains_clusters,terrain_cluster,,
634,lulcXplains_clusters,barren,,
635,lulcXplains_clusters,uid,,
636,lulcXplains_clusters,sing_non_kharif_crop,,
637,lulcXplains_clusters,sing_crop,,
638,lulcXplains_clusters,double_crop,,
639,lulcXplains_clusters,area_in_ha,,
640,lulcXplains_clusters,id,,
641,lulcXplains_clusters,system:index,,
642,lulcXplains_clusters,triple_crop,,
643,terrain_clusters,hill_slopes_area,,
644,terrain_clusters,uid,,
645,terrain_clusters,slopy_area,,
646,terrain_clusters,area_in_ha,,
647,terrain_clusters,valley_area,,
648,terrain_clusters,id,,
649,terrain_clusters,plain_area,,
650,terrain_clusters,ridge_area,,
651,terrain_clusters,system:index,,
652,terrain_clusters,terrainClusters,,
653,tree_health_ccd_vector_2017,uid,,
654,tree_health_ccd_vector_2017,lo_de_2017,,
655,tree_health_ccd_vector_2017,hi_de_2017,,
656,tree_health_ccd_vector_2017,area_in_ha,,
657,tree_health_ccd_vector_2017,sum,,
658,tree_health_ccd_vector_2017,id,,
659,tree_health_ccd_vector_2017,mi_da_2017,,
660,tree_health_ccd_vector_2017,system:index,,
661,tree_health_overall_change_vector,Degradation,,
662,tree_health_overall_change_vector,Deforestation,,
663,tree_health_overall_change_vector,uid,,
664,tree_health_overall_change_vector,Improvement,,
665,tree_health_overall_change_vector,Missing Data,,
666,tree_health_overall_change_vector,No_Change,,
667,tree_health_overall_change_vector,area_in_ha,,
668,tree_health_overall_change_vector,Partially_Degraded,,
669,tree_health_overall_change_vector,sum,,
670,tree_health_overall_change_vector,id,,
671,tree_health_overall_change_vector,Afforestation,,
672,tree_health_overall_change_vector,system:index,,
673,ET_annual,2019-07-01,,
674,ET_annual,uid,,
675,ET_annual,2018-07-01,,
676,ET_annual,2023-07-01,,
677,ET_annual,2021-07-01,,
678,ET_annual,area_in_ha,,
679,ET_annual,2017-07-01,,
680,ET_annual,id,,
681,ET_annual,2020-07-01,,
682,ET_annual,system:index,,
683,ET_annual,2022-07-01,,
684,ET_fortnight,2020-02-24,,
685,ET_fortnight,2020-05-18,,
686,ET_fortnight,2020-11-18,,
687,ET_fortnight,2024-01-13,,
688,ET_fortnight,2024-04-06,,
689,ET_fortnight,2019-04-21,,
690,ET_fortnight,2021-10-21,,
691,ET_fortnight,2019-07-15,,
692,ET_fortnight,2023-02-24,,
693,ET_fortnight,2022-09-09,,
694,ET_fortnight,2022-03-24,,
695,ET_fortnight,2017-09-23,,
696,ET_fortnight,2019-10-21,,
697,ET_fortnight,2023-11-04,,
698,ET_fortnight,2017-07-01,,
699,ET_fortnight,2021-07-15,,
700,ET_fortnight,2022-06-16,,
701,ET_fortnight,id,,
702,ET_fortnight,2017-10-07,,
703,ET_fortnight,2021-04-07,,
704,ET_fortnight,2021-01-13,,
705,ET_fortnight,2018-05-19,,
706,ET_fortnight,2020-11-04,,
707,ET_fortnight,2018-02-24,,
708,ET_fortnight,2019-02-10,,
709,ET_fortnight,2022-12-02,,
710,ET_fortnight,2020-08-12,,
711,ET_fortnight,2023-05-19,,
712,ET_fortnight,2017-12-30,,
713,ET_fortnight,2018-08-12,,
714,ET_fortnight,2019-05-05,,
715,ET_fortnight,2023-08-12,,
716,ET_fortnight,2019-07-29,,
717,ET_fortnight,2019-11-04,,
718,ET_fortnight,2018-11-18,,
719,ET_fortnight,2021-07-29,,
720,ET_fortnight,2022-06-02,,
721,ET_fortnight,2021-05-05,,
722,ET_fortnight,2022-08-26,,
723,ET_fortnight,2022-03-10,,
724,ET_fortnight,2023-11-18,,
725,ET_fortnight,2020-07-15,,
726,ET_fortnight,2021-02-10,,
727,ET_fortnight,2017-08-26,,
728,ET_fortnight,2022-04-07,,
729,ET_fortnight,2018-09-09,,
730,ET_fortnight,2019-02-24,,
731,ET_fortnight,2022-12-30,,
732,ET_fortnight,2021-12-16,,
733,ET_fortnight,2024-03-23,,
734,ET_fortnight,2018-03-24,,
735,ET_fortnight,2019-08-12,,
736,ET_fortnight,2024-06-15,,
737,ET_fortnight,2018-06-16,,
738,ET_fortnight,2020-04-20,,
739,ET_fortnight,2019-11-18,,
740,ET_fortnight,2023-03-10,,
741,ET_fortnight,uid,,
742,ET_fortnight,2017-12-02,,
743,ET_fortnight,2022-10-07,,
744,ET_fortnight,2023-08-26,,
745,ET_fortnight,area_in_ha,,
746,ET_fortnight,2023-06-02,,
747,ET_fortnight,2020-01-27,,
748,ET_fortnight,2019-05-19,,
749,ET_fortnight,2018-12-16,,
750,ET_fortnight,2022-09-23,,
751,ET_fortnight,2022-07-01,,
752,ET_fortnight,2020-02-10,,
753,ET_fortnight,2020-05-04,,
754,ET_fortnight,2017-09-09,,
755,ET_fortnight,2020-07-29,,
756,ET_fortnight,2021-04-21,,
757,ET_fortnight,2018-03-10,,
758,ET_fortnight,2024-06-01,,
759,ET_fortnight,2021-10-07,,
760,ET_fortnight,2018-06-02,,
761,ET_fortnight,2018-08-26,,
762,ET_fortnight,2018-12-02,,
763,ET_fortnight,2022-12-16,,
764,ET_fortnight,2023-09-09,,
765,ET_fortnight,2023-06-16,,
766,ET_fortnight,2021-12-30,,
767,ET_fortnight,2024-03-09,,
768,ET_fortnight,2023-03-24,,
769,ET_fortnight,2021-07-01,,
770,ET_fortnight,2021-09-23,,
771,ET_fortnight,2017-12-16,,
772,ET_fortnight,2020-10-21,,
773,ET_fortnight,2023-12-02,,
774,ET_fortnight,2022-01-13,,
775,ET_fortnight,system:index,,
776,ET_fortnight,2021-01-27,,
777,ET_fortnight,2018-01-27,,
778,ET_fortnight,2020-10-07,,
779,ET_fortnight,2020-01-13,,
780,ET_fortnight,2020-04-06,,
781,ET_fortnight,2019-08-26,,
782,ET_fortnight,2024-05-18,,
783,ET_fortnight,2024-02-24,,
784,ET_fortnight,2019-03-10,,
785,ET_fortnight,2019-06-02,,
786,ET_fortnight,2021-12-02,,
787,ET_fortnight,2018-12-30,,
788,ET_fortnight,2017-08-12,,
789,ET_fortnight,2021-08-26,,
790,ET_fortnight,2022-05-05,,
791,ET_fortnight,2021-06-02,,
792,ET_fortnight,2022-07-29,,
793,ET_fortnight,2019-12-02,,
794,ET_fortnight,2023-12-16,,
795,ET_fortnight,2017-11-18,,
796,ET_fortnight,2020-12-30,,
797,ET_fortnight,2022-02-10,,
798,ET_fortnight,2018-04-07,,
799,ET_fortnight,2023-12-30,,
800,ET_fortnight,2021-02-24,,
801,ET_fortnight,2020-12-16,,
802,ET_fortnight,2022-01-27,,
803,ET_fortnight,2023-01-13,,
804,ET_fortnight,2020-07-01,,
805,ET_fortnight,2022-10-21,,
806,ET_fortnight,2018-01-13,,
807,ET_fortnight,2023-04-07,,
808,ET_fortnight,2020-09-23,,
809,ET_fortnight,2018-09-23,,
810,ET_fortnight,2018-07-01,,
811,ET_fortnight,2019-06-16,,
812,ET_fortnight,2019-09-09,,
813,ET_fortnight,2023-07-01,,
814,ET_fortnight,2019-03-24,,
815,ET_fortnight,2019-12-16,,
816,ET_fortnight,2023-09-23,,
817,ET_fortnight,2018-10-07,,
818,ET_fortnight,2021-06-16,,
819,ET_fortnight,2022-07-15,,
820,ET_fortnight,2021-09-09,,
821,ET_fortnight,2022-04-21,,
822,ET_fortnight,2023-10-07,,
823,ET_fortnight,2020-08-26,,
824,ET_fortnight,2021-03-24,,
825,ET_fortnight,2017-07-15,,
826,ET_fortnight,2022-05-19,,
827,ET_fortnight,2023-10-21,,
828,ET_fortnight,2019-01-13,,
829,ET_fortnight,2023-01-27,,
830,ET_fortnight,2018-02-10,,
831,ET_fortnight,2019-09-23,,
832,ET_fortnight,2024-02-10,,
833,ET_fortnight,2020-06-01,,
834,ET_fortnight,2021-11-04,,
835,ET_fortnight,2024-05-04,,
836,ET_fortnight,2018-07-29,,
837,ET_fortnight,2018-05-05,,
838,ET_fortnight,2022-08-12,,
839,ET_fortnight,2023-07-15,,
840,ET_fortnight,2019-10-07,,
841,ET_fortnight,2017-10-21,,
842,ET_fortnight,2023-04-21,,
843,ET_fortnight,2022-11-18,,
844,ET_fortnight,2019-04-07,,
845,ET_fortnight,2020-03-09,,
846,ET_fortnight,2018-11-04,,
847,ET_fortnight,2020-06-15,,
848,ET_fortnight,2021-05-19,,
849,ET_fortnight,2017-07-29,,
850,ET_fortnight,2020-03-23,,
851,ET_fortnight,2019-01-27,,
852,ET_fortnight,2021-03-10,,
853,ET_fortnight,2020-09-09,,
854,ET_fortnight,2021-11-18,,
855,ET_fortnight,2024-04-20,,
856,ET_fortnight,2018-07-15,,
857,ET_fortnight,2018-04-21,,
858,ET_fortnight,2022-11-04,,
859,ET_fortnight,2019-07-01,,
860,ET_fortnight,2023-07-29,,
861,ET_fortnight,2018-10-21,,
862,ET_fortnight,2023-05-05,,
863,ET_fortnight,2024-01-27,,
864,ET_fortnight,2021-08-12,,
865,ET_fortnight,2023-02-10,,
866,ET_fortnight,2017-11-04,,
867,ET_fortnight,2020-12-02,,
868,ET_fortnight,2022-02-24,,
869,ET_fortnight,2019-12-30,,
870,Runoff_annual,2019-07-01,,
871,Runoff_annual,uid,,
872,Runoff_annual,2018-07-01,,
873,Runoff_annual,2023-07-01,,
874,Runoff_annual,2021-07-01,,
875,Runoff_annual,area_in_ha,,
876,Runoff_annual,2017-07-01,,
877,Runoff_annual,id,,
878,Runoff_annual,2020-07-01,,
879,Runoff_annual,system:index,,
880,Runoff_annual,2022-07-01,,
881,Runoff_fortnight,2020-02-24,,
882,Runoff_fortnight,2020-05-18,,
883,Runoff_fortnight,2020-11-18,,
884,Runoff_fortnight,2024-01-13,,
885,Runoff_fortnight,2024-04-06,,
886,Runoff_fortnight,2019-04-21,,
887,Runoff_fortnight,2021-10-21,,
888,Runoff_fortnight,2019-07-15,,
889,Runoff_fortnight,2023-02-24,,
890,Runoff_fortnight,2022-09-09,,
891,Runoff_fortnight,2022-03-24,,
892,Runoff_fortnight,2017-09-23,,
893,Runoff_fortnight,2019-10-21,,
894,Runoff_fortnight,2023-11-04,,
895,Runoff_fortnight,2017-07-01,,
896,Runoff_fortnight,2021-07-15,,
897,Runoff_fortnight,2022-06-16,,
898,Runoff_fortnight,id,,
899,Runoff_fortnight,2017-10-07,,
900,Runoff_fortnight,2021-04-07,,
901,Runoff_fortnight,2021-01-13,,
902,Runoff_fortnight,2018-05-19,,
903,Runoff_fortnight,2020-11-04,,
904,Runoff_fortnight,2018-02-24,,
905,Runoff_fortnight,2019-02-10,,
906,Runoff_fortnight,2022-12-02,,
907,Runoff_fortnight,2020-08-12,,
908,Runoff_fortnight,2023-05-19,,
909,Runoff_fortnight,2017-12-30,,
910,Runoff_fortnight,2018-08-12,,
911,Runoff_fortnight,2019-05-05,,
912,Runoff_fortnight,2023-08-12,,
913,Runoff_fortnight,2019-07-29,,
914,Runoff_fortnight,2019-11-04,,
915,Runoff_fortnight,2018-11-18,,
916,Runoff_fortnight,2021-07-29,,
917,Runoff_fortnight,2022-06-02,,
918,Runoff_fortnight,2021-05-05,,
919,Runoff_fortnight,2022-08-26,,
920,Runoff_fortnight,2022-03-10,,
921,Runoff_fortnight,2023-11-18,,
922,Runoff_fortnight,2020-07-15,,
923,Runoff_fortnight,2021-02-10,,
924,Runoff_fortnight,2017-08-26,,
925,Runoff_fortnight,2022-04-07,,
926,Runoff_fortnight,2018-09-09,,
927,Runoff_fortnight,2019-02-24,,
928,Runoff_fortnight,2022-12-30,,
929,Runoff_fortnight,2021-12-16,,
930,Runoff_fortnight,2024-03-23,,
931,Runoff_fortnight,2018-03-24,,
932,Runoff_fortnight,2019-08-12,,
933,Runoff_fortnight,2024-06-15,,
934,Runoff_fortnight,2018-06-16,,
935,Runoff_fortnight,2020-04-20,,
936,Runoff_fortnight,2019-11-18,,
937,Runoff_fortnight,2023-03-10,,
938,Runoff_fortnight,uid,,
939,Runoff_fortnight,2017-12-02,,
940,Runoff_fortnight,2022-10-07,,
941,Runoff_fortnight,2023-08-26,,
942,Runoff_fortnight,2023-06-02,,
943,Runoff_fortnight,area_in_ha,,
944,Runoff_fortnight,2020-01-27,,
945,Runoff_fortnight,2019-05-19,,
946,Runoff_fortnight,2018-12-16,,
947,Runoff_fortnight,2022-09-23,,
948,Runoff_fortnight,2022-07-01,,
949,Runoff_fortnight,2020-02-10,,
950,Runoff_fortnight,2020-05-04,,
951,Runoff_fortnight,2017-09-09,,
952,Runoff_fortnight,2020-07-29,,
953,Runoff_fortnight,2021-04-21,,
954,Runoff_fortnight,2018-03-10,,
955,Runoff_fortnight,2024-06-01,,
956,Runoff_fortnight,2021-10-07,,
957,Runoff_fortnight,2018-06-02,,
958,Runoff_fortnight,2018-08-26,,
959,Runoff_fortnight,2018-12-02,,
960,Runoff_fortnight,2022-12-16,,
961,Runoff_fortnight,2023-09-09,,
962,Runoff_fortnight,2023-06-16,,
963,Runoff_fortnight,2021-12-30,,
964,Runoff_fortnight,2024-03-09,,
965,Runoff_fortnight,2023-03-24,,
966,Runoff_fortnight,2021-07-01,,
967,Runoff_fortnight,2021-09-23,,
968,Runoff_fortnight,2017-12-16,,
969,Runoff_fortnight,2020-10-21,,
970,Runoff_fortnight,2023-12-02,,
971,Runoff_fortnight,2022-01-13,,
972,Runoff_fortnight,system:index,,
973,Runoff_fortnight,2021-01-27,,
974,Runoff_fortnight,2018-01-27,,
975,Runoff_fortnight,2020-10-07,,
976,Runoff_fortnight,2020-01-13,,
977,Runoff_fortnight,2020-04-06,,
978,Runoff_fortnight,2019-08-26,,
979,Runoff_fortnight,2024-05-18,,
980,Runoff_fortnight,2024-02-24,,
981,Runoff_fortnight,2019-03-10,,
982,Runoff_fortnight,2019-06-02,,
983,Runoff_fortnight,2021-12-02,,
984,Runoff_fortnight,2018-12-30,,
985,Runoff_fortnight,2017-08-12,,
986,Runoff_fortnight,2021-08-26,,
987,Runoff_fortnight,2022-05-05,,
988,Runoff_fortnight,2021-06-02,,
989,Runoff_fortnight,2022-07-29,,
990,Runoff_fortnight,2019-12-02,,
991,Runoff_fortnight,2023-12-16,,
992,Runoff_fortnight,2017-11-18,,
993,Runoff_fortnight,2020-12-30,,
994,Runoff_fortnight,2022-02-10,,
995,Runoff_fortnight,2018-04-07,,
996,Runoff_fortnight,2023-12-30,,
997,Runoff_fortnight,2021-02-24,,
998,Runoff_fortnight,2020-12-16,,
999,Runoff_fortnight,2022-01-27,,
1000,Runoff_fortnight,2023-01-13,,
1001,Runoff_fortnight,2020-07-01,,
1002,Runoff_fortnight,2022-10-21,,
1003,Runoff_fortnight,2018-01-13,,
1004,Runoff_fortnight,2023-04-07,,
1005,Runoff_fortnight,2020-09-23,,
1006,Runoff_fortnight,2018-09-23,,
1007,Runoff_fortnight,2018-07-01,,
1008,Runoff_fortnight,2019-06-16,,
1009,Runoff_fortnight,2019-09-09,,
1010,Runoff_fortnight,2023-07-01,,
1011,Runoff_fortnight,2019-03-24,,
1012,Runoff_fortnight,2019-12-16,,
1013,Runoff_fortnight,2023-09-23,,
1014,Runoff_fortnight,2018-10-07,,
1015,Runoff_fortnight,2021-06-16,,
1016,Runoff_fortnight,2022-07-15,,
1017,Runoff_fortnight,2021-09-09,,
1018,Runoff_fortnight,2022-04-21,,
1019,Runoff_fortnight,2023-10-07,,
1020,Runoff_fortnight,2020-08-26,,
1021,Runoff_fortnight,2021-03-24,,
1022,Runoff_fortnight,2017-07-15,,
1023,Runoff_fortnight,2022-05-19,,
1024,Runoff_fortnight,2023-10-21,,
1025,Runoff_fortnight,2019-01-13,,
1026,Runoff_fortnight,2023-01-27,,
1027,Runoff_fortnight,2018-02-10,,
1028,Runoff_fortnight,2019-09-23,,
1029,Runoff_fortnight,2024-02-10,,
1030,Runoff_fortnight,2020-06-01,,
1031,Runoff_fortnight,2021-11-04,,
1032,Runoff_fortnight,2024-05-04,,
1033,Runoff_fortnight,2018-07-29,,
1034,Runoff_fortnight,2018-05-05,,
1035,Runoff_fortnight,2022-08-12,,
1036,Runoff_fortnight,2023-07-15,,
1037,Runoff_fortnight,2019-10-07,,
1038,Runoff_fortnight,2017-10-21,,
1039,Runoff_fortnight,2023-04-21,,
1040,Runoff_fortnight,2022-11-18,,
1041,Runoff_fortnight,2019-04-07,,
1042,Runoff_fortnight,2020-03-09,,
1043,Runoff_fortnight,2018-11-04,,
1044,Runoff_fortnight,2020-06-15,,
1045,Runoff_fortnight,2021-05-19,,
1046,Runoff_fortnight,2017-07-29,,
1047,Runoff_fortnight,2020-03-23,,
1048,Runoff_fortnight,2019-01-27,,
1049,Runoff_fortnight,2021-03-10,,
1050,Runoff_fortnight,2020-09-09,,
1051,Runoff_fortnight,2021-11-18,,
1052,Runoff_fortnight,2024-04-20,,
1053,Runoff_fortnight,2018-07-15,,
1054,Runoff_fortnight,2018-04-21,,
1055,Runoff_fortnight,2022-11-04,,
1056,Runoff_fortnight,2019-07-01,,
1057,Runoff_fortnight,2023-07-29,,
1058,Runoff_fortnight,2018-10-21,,
1059,Runoff_fortnight,2023-05-05,,
1060,Runoff_fortnight,2024-01-27,,
1061,Runoff_fortnight,2021-08-12,,
1062,Runoff_fortnight,2023-02-10,,
1063,Runoff_fortnight,2017-11-04,,
1064,Runoff_fortnight,2020-12-02,,
1065,Runoff_fortnight,2022-02-24,,
1066,Runoff_fortnight,2019-12-30,,
1067,Prec_annual,2019-07-01,,
1068,Prec_annual,uid,,
1069,Prec_annual,2018-07-01,,
1070,Prec_annual,2023-07-01,,
1071,Prec_annual,2021-07-01,,
1072,Prec_annual,area_in_ha,,
1073,Prec_annual,2017-07-01,,
1074,Prec_annual,id,,
1075,Prec_annual,2020-07-01,,
1076,Prec_annual,system:index,,
1077,Prec_annual,2022-07-01,,
1078,Prec_fortnight,2020-02-24,,
1079,Prec_fortnight,2020-05-18,,
1080,Prec_fortnight,2020-11-18,,
1081,Prec_fortnight,2024-01-13,,
1082,Prec_fortnight,2024-04-06,,
1083,Prec_fortnight,2019-04-21,,
1084,Prec_fortnight,2021-10-21,,
1085,Prec_fortnight,2019-07-15,,
1086,Prec_fortnight,2023-02-24,,
1087,Prec_fortnight,2022-09-09,,
1088,Prec_fortnight,2022-03-24,,
1089,Prec_fortnight,2017-09-23,,
1090,Prec_fortnight,2019-10-21,,
1091,Prec_fortnight,2023-11-04,,
1092,Prec_fortnight,2017-07-01,,
1093,Prec_fortnight,2021-07-15,,
1094,Prec_fortnight,2022-06-16,,
1095,Prec_fortnight,id,,
1096,Prec_fortnight,2017-10-07,,
1097,Prec_fortnight,2021-04-07,,
1098,Prec_fortnight,2021-01-13,,
1099,Prec_fortnight,2018-05-19,,
1100,Prec_fortnight,2020-11-04,,
1101,Prec_fortnight,2018-02-24,,
1102,Prec_fortnight,2019-02-10,,
1103,Prec_fortnight,2022-12-02,,
1104,Prec_fortnight,2020-08-12,,
1105,Prec_fortnight,2023-05-19,,
1106,Prec_fortnight,2017-12-30,,
1107,Prec_fortnight,2018-08-12,,
1108,Prec_fortnight,2019-05-05,,
1109,Prec_fortnight,2023-08-12,,
1110,Prec_fortnight,2019-07-29,,
1111,Prec_fortnight,2019-11-04,,
1112,Prec_fortnight,2018-11-18,,
1113,Prec_fortnight,2021-07-29,,
1114,Prec_fortnight,2022-06-02,,
1115,Prec_fortnight,2021-05-05,,
1116,Prec_fortnight,2022-08-26,,
1117,Prec_fortnight,2022-03-10,,
1118,Prec_fortnight,2023-11-18,,
1119,Prec_fortnight,2020-07-15,,
1120,Prec_fortnight,2021-02-10,,
1121,Prec_fortnight,2017-08-26,,
1122,Prec_fortnight,2022-04-07,,
1123,Prec_fortnight,2018-09-09,,
1124,Prec_fortnight,2019-02-24,,
1125,Prec_fortnight,2022-12-30,,
1126,Prec_fortnight,2021-12-16,,
1127,Prec_fortnight,2024-03-23,,
1128,Prec_fortnight,2018-03-24,,
1129,Prec_fortnight,2019-08-12,,
1130,Prec_fortnight,2024-06-15,,
1131,Prec_fortnight,2018-06-16,,
1132,Prec_fortnight,2020-04-20,,
1133,Prec_fortnight,2019-11-18,,
1134,Prec_fortnight,2023-03-10,,
1135,Prec_fortnight,uid,,
1136,Prec_fortnight,2017-12-02,,
1137,Prec_fortnight,2022-10-07,,
1138,Prec_fortnight,2023-08-26,,
1139,Prec_fortnight,2023-06-02,,
1140,Prec_fortnight,area_in_ha,,
1141,Prec_fortnight,2020-01-27,,
1142,Prec_fortnight,2019-05-19,,
1143,Prec_fortnight,2018-12-16,,
1144,Prec_fortnight,2022-09-23,,
1145,Prec_fortnight,2022-07-01,,
1146,Prec_fortnight,2020-02-10,,
1147,Prec_fortnight,2020-05-04,,
1148,Prec_fortnight,2017-09-09,,
1149,Prec_fortnight,2020-07-29,,
1150,Prec_fortnight,2021-04-21,,
1151,Prec_fortnight,2018-03-10,,
1152,Prec_fortnight,2024-06-01,,
1153,Prec_fortnight,2021-10-07,,
1154,Prec_fortnight,2018-06-02,,
1155,Prec_fortnight,2018-08-26,,
1156,Prec_fortnight,2018-12-02,,
1157,Prec_fortnight,2022-12-16,,
1158,Prec_fortnight,2023-09-09,,
1159,Prec_fortnight,2023-06-16,,
1160,Prec_fortnight,2021-12-30,,
1161,Prec_fortnight,2024-03-09,,
1162,Prec_fortnight,2023-03-24,,
1163,Prec_fortnight,2021-07-01,,
1164,Prec_fortnight,2021-09-23,,
1165,Prec_fortnight,2017-12-16,,
1166,Prec_fortnight,2020-10-21,,
1167,Prec_fortnight,2023-12-02,,
1168,Prec_fortnight,2022-01-13,,
1169,Prec_fortnight,system:index,,
1170,Prec_fortnight,2021-01-27,,
1171,Prec_fortnight,2018-01-27,,
1172,Prec_fortnight,2020-10-07,,
1173,Prec_fortnight,2020-01-13,,
1174,Prec_fortnight,2020-04-06,,
1175,Prec_fortnight,2019-08-26,,
1176,Prec_fortnight,2024-05-18,,
1177,Prec_fortnight,2024-02-24,,
1178,Prec_fortnight,2019-03-10,,
1179,Prec_fortnight,2019-06-02,,
1180,Prec_fortnight,2021-12-02,,
1181,Prec_fortnight,2018-12-30,,
1182,Prec_fortnight,2017-08-12,,
1183,Prec_fortnight,2021-08-26,,
1184,Prec_fortnight,2022-05-05,,
1185,Prec_fortnight,2021-06-02,,
1186,Prec_fortnight,2022-07-29,,
1187,Prec_fortnight,2019-12-02,,
1188,Prec_fortnight,2023-12-16,,
1189,Prec_fortnight,2017-11-18,,
1190,Prec_fortnight,2020-12-30,,
1191,Prec_fortnight,2022-02-10,,
1192,Prec_fortnight,2018-04-07,,
1193,Prec_fortnight,2023-12-30,,
1194,Prec_fortnight,2021-02-24,,
1195,Prec_fortnight,2020-12-16,,
1196,Prec_fortnight,2022-01-27,,
1197,Prec_fortnight,2023-01-13,,
1198,Prec_fortnight,2020-07-01,,
1199,Prec_fortnight,2022-10-21,,
1200,Prec_fortnight,2018-01-13,,
1201,Prec_fortnight,2023-04-07,,
1202,Prec_fortnight,2020-09-23,,
1203,Prec_fortnight,2018-09-23,,
1204,Prec_fortnight,2018-07-01,,
1205,Prec_fortnight,2019-06-16,,
1206,Prec_fortnight,2019-09-09,,
1207,Prec_fortnight,2023-07-01,,
1208,Prec_fortnight,2019-03-24,,
1209,Prec_fortnight,2019-12-16,,
1210,Prec_fortnight,2023-09-23,,
1211,Prec_fortnight,2018-10-07,,
1212,Prec_fortnight,2021-06-16,,
1213,Prec_fortnight,2022-07-15,,
1214,Prec_fortnight,2021-09-09,,
1215,Prec_fortnight,2022-04-21,,
1216,Prec_fortnight,2023-10-07,,
1217,Prec_fortnight,2020-08-26,,
1218,Prec_fortnight,2021-03-24,,
1219,Prec_fortnight,2017-07-15,,
1220,Prec_fortnight,2022-05-19,,
1221,Prec_fortnight,2023-10-21,,
1222,Prec_fortnight,2019-01-13,,
1223,Prec_fortnight,2023-01-27,,
1224,Prec_fortnight,2018-02-10,,
1225,Prec_fortnight,2019-09-23,,
1226,Prec_fortnight,2024-02-10,,
1227,Prec_fortnight,2020-06-01,,
1228,Prec_fortnight,2021-11-04,,
1229,Prec_fortnight,2024-05-04,,
1230,Prec_fortnight,2018-07-29,,
1231,Prec_fortnight,2018-05-05,,
1232,Prec_fortnight,2022-08-12,,
1233,Prec_fortnight,2023-07-15,,
1234,Prec_fortnight,2019-10-07,,
1235,Prec_fortnight,2017-10-21,,
1236,Prec_fortnight,2023-04-21,,
1237,Prec_fortnight,2022-11-18,,
1238,Prec_fortnight,2019-04-07,,
1239,Prec_fortnight,2020-03-09,,
1240,Prec_fortnight,2018-11-04,,
1241,Prec_fortnight,2020-06-15,,
1242,Prec_fortnight,2021-05-19,,
1243,Prec_fortnight,2017-07-29,,
1244,Prec_fortnight,2020-03-23,,
1245,Prec_fortnight,2019-01-27,,
1246,Prec_fortnight,2021-03-10,,
1247,Prec_fortnight,2020-09-09,,
1248,Prec_fortnight,2021-11-18,,
1249,Prec_fortnight,2024-04-20,,
1250,Prec_fortnight,2018-07-15,,
1251,Prec_fortnight,2018-04-21,,
1252,Prec_fortnight,2022-11-04,,
1253,Prec_fortnight,2019-07-01,,
1254,Prec_fortnight,2023-07-29,,
1255,Prec_fortnight,2018-10-21,,
1256,Prec_fortnight,2023-05-05,,
1257,Prec_fortnight,2024-01-27,,
1258,Prec_fortnight,2021-08-12,,
1259,Prec_fortnight,2023-02-10,,
1260,Prec_fortnight,2017-11-04,,
1261,Prec_fortnight,2020-12-02,,
1262,Prec_fortnight,2022-02-24,,
1263,Prec_fortnight,2019-12-30,,
1264,filtered_delta_g_annual_uid,uid,,
1265,filtered_delta_g_annual_uid,2022_2023,,
1266,filtered_delta_g_annual_uid,2017_2018,,
1267,filtered_delta_g_annual_uid,area_in_ha,,
1268,filtered_delta_g_annual_uid,2023_2024,,
1269,filtered_delta_g_annual_uid,2020_2021,,
1270,filtered_delta_g_annual_uid,2019_2020,,
1271,filtered_delta_g_annual_uid,2018_2019,,
1272,filtered_delta_g_annual_uid,id,,
1273,filtered_delta_g_annual_uid,2021_2022,,
1274,filtered_delta_g_annual_uid,system:index,,
1275,filtered_delta_g_fortnight_uid,2020-05-18,,
1276,filtered_delta_g_fortnight_uid,2020-02-24,,
1277,filtered_delta_g_fortnight_uid,2020-11-18,,
1278,filtered_delta_g_fortnight_uid,2024-04-06,,
1279,filtered_delta_g_fortnight_uid,2024-01-13,,
1280,filtered_delta_g_fortnight_uid,2021-10-21,,
1281,filtered_delta_g_fortnight_uid,2019-04-21,,
1282,filtered_delta_g_fortnight_uid,2019-07-15,,
1283,filtered_delta_g_fortnight_uid,2023-02-24,,
1284,filtered_delta_g_fortnight_uid,2022-09-09,,
1285,filtered_delta_g_fortnight_uid,2022-03-24,,
1286,filtered_delta_g_fortnight_uid,2023-11-04,,
1287,filtered_delta_g_fortnight_uid,2019-10-21,,
1288,filtered_delta_g_fortnight_uid,2017-09-23,,
1289,filtered_delta_g_fortnight_uid,2022-06-16,,
1290,filtered_delta_g_fortnight_uid,2021-07-15,,
1291,filtered_delta_g_fortnight_uid,2017-07-01,,
1292,filtered_delta_g_fortnight_uid,id,,
1293,filtered_delta_g_fortnight_uid,2017-10-07,,
1294,filtered_delta_g_fortnight_uid,2021-04-07,,
1295,filtered_delta_g_fortnight_uid,2021-01-13,,
1296,filtered_delta_g_fortnight_uid,2018-05-19,,
1297,filtered_delta_g_fortnight_uid,2020-11-04,,
1298,filtered_delta_g_fortnight_uid,2022-12-02,,
1299,filtered_delta_g_fortnight_uid,2019-02-10,,
1300,filtered_delta_g_fortnight_uid,2018-02-24,,
1301,filtered_delta_g_fortnight_uid,2023-05-19,,
1302,filtered_delta_g_fortnight_uid,2020-08-12,,
1303,filtered_delta_g_fortnight_uid,2017-12-30,,
1304,filtered_delta_g_fortnight_uid,2018-08-12,,
1305,filtered_delta_g_fortnight_uid,2023-08-12,,
1306,filtered_delta_g_fortnight_uid,2019-05-05,,
1307,filtered_delta_g_fortnight_uid,2019-11-04,,
1308,filtered_delta_g_fortnight_uid,2019-07-29,,
1309,filtered_delta_g_fortnight_uid,2018-11-18,,
1310,filtered_delta_g_fortnight_uid,2022-06-02,,
1311,filtered_delta_g_fortnight_uid,2021-07-29,,
1312,filtered_delta_g_fortnight_uid,2022-08-26,,
1313,filtered_delta_g_fortnight_uid,2021-05-05,,
1314,filtered_delta_g_fortnight_uid,2023-11-18,,
1315,filtered_delta_g_fortnight_uid,2022-03-10,,
1316,filtered_delta_g_fortnight_uid,2020-07-15,,
1317,filtered_delta_g_fortnight_uid,2021-02-10,,
1318,filtered_delta_g_fortnight_uid,2017-08-26,,
1319,filtered_delta_g_fortnight_uid,2022-04-07,,
1320,filtered_delta_g_fortnight_uid,2022-12-30,,
1321,filtered_delta_g_fortnight_uid,2019-02-24,,
1322,filtered_delta_g_fortnight_uid,2018-09-09,,
1323,filtered_delta_g_fortnight_uid,2024-03-23,,
1324,filtered_delta_g_fortnight_uid,2021-12-16,,
1325,filtered_delta_g_fortnight_uid,2024-06-15,,
1326,filtered_delta_g_fortnight_uid,2019-08-12,,
1327,filtered_delta_g_fortnight_uid,2018-03-24,,
1328,filtered_delta_g_fortnight_uid,2020-04-20,,
1329,filtered_delta_g_fortnight_uid,2018-06-16,,
1330,filtered_delta_g_fortnight_uid,2023-03-10,,
1331,filtered_delta_g_fortnight_uid,2019-11-18,,
1332,filtered_delta_g_fortnight_uid,uid,,
1333,filtered_delta_g_fortnight_uid,2022-10-07,,
1334,filtered_delta_g_fortnight_uid,2017-12-02,,
1335,filtered_delta_g_fortnight_uid,2023-08-26,,
1336,filtered_delta_g_fortnight_uid,2023-06-02,,
1337,filtered_delta_g_fortnight_uid,area_in_ha,,
1338,filtered_delta_g_fortnight_uid,2020-01-27,,
1339,filtered_delta_g_fortnight_uid,2019-05-19,,
1340,filtered_delta_g_fortnight_uid,2022-09-23,,
1341,filtered_delta_g_fortnight_uid,2018-12-16,,
1342,filtered_delta_g_fortnight_uid,2022-07-01,,
1343,filtered_delta_g_fortnight_uid,2020-05-04,,
1344,filtered_delta_g_fortnight_uid,2020-02-10,,
1345,filtered_delta_g_fortnight_uid,2017-09-09,,
1346,filtered_delta_g_fortnight_uid,2020-07-29,,
1347,filtered_delta_g_fortnight_uid,2021-04-21,,
1348,filtered_delta_g_fortnight_uid,2024-06-01,,
1349,filtered_delta_g_fortnight_uid,2018-03-10,,
1350,filtered_delta_g_fortnight_uid,2021-10-07,,
1351,filtered_delta_g_fortnight_uid,2018-06-02,,
1352,filtered_delta_g_fortnight_uid,2018-08-26,,
1353,filtered_delta_g_fortnight_uid,2023-09-09,,
1354,filtered_delta_g_fortnight_uid,2022-12-16,,
1355,filtered_delta_g_fortnight_uid,2018-12-02,,
1356,filtered_delta_g_fortnight_uid,2023-06-16,,
1357,filtered_delta_g_fortnight_uid,2024-03-09,,
1358,filtered_delta_g_fortnight_uid,2021-12-30,,
1359,filtered_delta_g_fortnight_uid,2023-03-24,,
1360,filtered_delta_g_fortnight_uid,2021-07-01,,
1361,filtered_delta_g_fortnight_uid,2021-09-23,,
1362,filtered_delta_g_fortnight_uid,2023-12-02,,
1363,filtered_delta_g_fortnight_uid,2020-10-21,,
1364,filtered_delta_g_fortnight_uid,2017-12-16,,
1365,filtered_delta_g_fortnight_uid,2022-01-13,,
1366,filtered_delta_g_fortnight_uid,system:index,,
1367,filtered_delta_g_fortnight_uid,2021-01-27,,
1368,filtered_delta_g_fortnight_uid,2020-10-07,,
1369,filtered_delta_g_fortnight_uid,2018-01-27,,
1370,filtered_delta_g_fortnight_uid,2020-01-13,,
1371,filtered_delta_g_fortnight_uid,2020-04-06,,
1372,filtered_delta_g_fortnight_uid,2024-05-18,,
1373,filtered_delta_g_fortnight_uid,2019-08-26,,
1374,filtered_delta_g_fortnight_uid,2024-02-24,,
1375,filtered_delta_g_fortnight_uid,2019-03-10,,
1376,filtered_delta_g_fortnight_uid,2021-12-02,,
1377,filtered_delta_g_fortnight_uid,2019-06-02,,
1378,filtered_delta_g_fortnight_uid,2018-12-30,,
1379,filtered_delta_g_fortnight_uid,2022-05-05,,
1380,filtered_delta_g_fortnight_uid,2021-08-26,,
1381,filtered_delta_g_fortnight_uid,2017-08-12,,
1382,filtered_delta_g_fortnight_uid,2022-07-29,,
1383,filtered_delta_g_fortnight_uid,2021-06-02,,
1384,filtered_delta_g_fortnight_uid,2023-12-16,,
1385,filtered_delta_g_fortnight_uid,2019-12-02,,
1386,filtered_delta_g_fortnight_uid,2017-11-18,,
1387,filtered_delta_g_fortnight_uid,2022-02-10,,
1388,filtered_delta_g_fortnight_uid,2020-12-30,,
1389,filtered_delta_g_fortnight_uid,2023-12-30,,
1390,filtered_delta_g_fortnight_uid,2018-04-07,,
1391,filtered_delta_g_fortnight_uid,2021-02-24,,
1392,filtered_delta_g_fortnight_uid,2022-01-27,,
1393,filtered_delta_g_fortnight_uid,2020-12-16,,
1394,filtered_delta_g_fortnight_uid,2023-01-13,,
1395,filtered_delta_g_fortnight_uid,2022-10-21,,
1396,filtered_delta_g_fortnight_uid,2020-07-01,,
1397,filtered_delta_g_fortnight_uid,2023-04-07,,
1398,filtered_delta_g_fortnight_uid,2018-01-13,,
1399,filtered_delta_g_fortnight_uid,2020-09-23,,
1400,filtered_delta_g_fortnight_uid,2018-09-23,,
1401,filtered_delta_g_fortnight_uid,2023-07-01,,
1402,filtered_delta_g_fortnight_uid,2019-09-09,,
1403,filtered_delta_g_fortnight_uid,2019-06-16,,
1404,filtered_delta_g_fortnight_uid,2018-07-01,,
1405,filtered_delta_g_fortnight_uid,2019-03-24,,
1406,filtered_delta_g_fortnight_uid,2019-12-16,,
1407,filtered_delta_g_fortnight_uid,2023-09-23,,
1408,filtered_delta_g_fortnight_uid,2018-10-07,,
1409,filtered_delta_g_fortnight_uid,2022-07-15,,
1410,filtered_delta_g_fortnight_uid,2021-06-16,,
1411,filtered_delta_g_fortnight_uid,2023-10-07,,
1412,filtered_delta_g_fortnight_uid,2022-04-21,,
1413,filtered_delta_g_fortnight_uid,2021-09-09,,
1414,filtered_delta_g_fortnight_uid,2021-03-24,,
1415,filtered_delta_g_fortnight_uid,2020-08-26,,
1416,filtered_delta_g_fortnight_uid,2017-07-15,,
1417,filtered_delta_g_fortnight_uid,2023-10-21,,
1418,filtered_delta_g_fortnight_uid,2022-05-19,,
1419,filtered_delta_g_fortnight_uid,2019-01-13,,
1420,filtered_delta_g_fortnight_uid,2023-01-27,,
1421,filtered_delta_g_fortnight_uid,2018-02-10,,
1422,filtered_delta_g_fortnight_uid,2024-02-10,,
1423,filtered_delta_g_fortnight_uid,2019-09-23,,
1424,filtered_delta_g_fortnight_uid,2024-05-04,,
1425,filtered_delta_g_fortnight_uid,2021-11-04,,
1426,filtered_delta_g_fortnight_uid,2020-06-01,,
1427,filtered_delta_g_fortnight_uid,2018-07-29,,
1428,filtered_delta_g_fortnight_uid,2018-05-05,,
1429,filtered_delta_g_fortnight_uid,2022-08-12,,
1430,filtered_delta_g_fortnight_uid,2023-07-15,,
1431,filtered_delta_g_fortnight_uid,2019-10-07,,
1432,filtered_delta_g_fortnight_uid,2017-10-21,,
1433,filtered_delta_g_fortnight_uid,2023-04-21,,
1434,filtered_delta_g_fortnight_uid,2022-11-18,,
1435,filtered_delta_g_fortnight_uid,2019-04-07,,
1436,filtered_delta_g_fortnight_uid,2020-03-09,,
1437,filtered_delta_g_fortnight_uid,2018-11-04,,
1438,filtered_delta_g_fortnight_uid,2021-05-19,,
1439,filtered_delta_g_fortnight_uid,2020-06-15,,
1440,filtered_delta_g_fortnight_uid,2017-07-29,,
1441,filtered_delta_g_fortnight_uid,2020-03-23,,
1442,filtered_delta_g_fortnight_uid,2019-01-27,,
1443,filtered_delta_g_fortnight_uid,2021-03-10,,
1444,filtered_delta_g_fortnight_uid,2020-09-09,,
1445,filtered_delta_g_fortnight_uid,2024-04-20,,
1446,filtered_delta_g_fortnight_uid,2021-11-18,,
1447,filtered_delta_g_fortnight_uid,2018-07-15,,
1448,filtered_delta_g_fortnight_uid,2018-04-21,,
1449,filtered_delta_g_fortnight_uid,2022-11-04,,
1450,filtered_delta_g_fortnight_uid,2019-07-01,,
1451,filtered_delta_g_fortnight_uid,2023-07-29,,
1452,filtered_delta_g_fortnight_uid,2023-05-05,,
1453,filtered_delta_g_fortnight_uid,2018-10-21,,
1454,filtered_delta_g_fortnight_uid,2024-01-27,,
1455,filtered_delta_g_fortnight_uid,2023-02-10,,
1456,filtered_delta_g_fortnight_uid,2021-08-12,,
1457,filtered_delta_g_fortnight_uid,2017-11-04,,
1458,filtered_delta_g_fortnight_uid,2022-02-24,,
1459,filtered_delta_g_fortnight_uid,2020-12-02,,
1460,filtered_delta_g_fortnight_uid,2019-12-30,,
1461,well_depth_annual,uid,,
1462,well_depth_annual,2022_2023,,
1463,well_depth_annual,2017_2018,,
1464,well_depth_annual,weighted_avg_yeild,,
1465,well_depth_annual,area_in_ha,,
1466,well_depth_annual,2023_2024,,
1467,well_depth_annual,2019_2020,,
1468,well_depth_annual,2020_2021,,
1469,well_depth_annual,2018_2019,,
1470,well_depth_annual,id,,
1471,well_depth_annual,2021_2022,,
1472,well_depth_annual,system:index,,
1473,well_depth_net_value,weighted_avg_yeild,,
1474,well_depth_net_value,2023_2024,,
1475,well_depth_net_value,Net2019_24,,
1476,well_depth_net_value,Net2018_23,,
1477,well_depth_net_value,2019_2020,,
1478,well_depth_net_value,2020_2021,,
1479,well_depth_net_value,2018_2019,,
1480,well_depth_net_value,Net2017_22,,
1481,well_depth_net_value,uid,,
1482,well_depth_net_value,2022_2023,,
1483,well_depth_net_value,2017_2018,,
1484,well_depth_net_value,area_in_ha,,
1485,well_depth_net_value,id,,
1486,well_depth_net_value,2021_2022,,
1487,well_depth_net_value,system:index,,
